file_name,主动脉_主动脉夹层 (Aorta_Aortic dissection),主动脉_主动脉瘤 (Aorta_Aortic aneurysm),主动脉_粥样硬化 (Aorta_Atherosclerosis),主动脉_钙化 (Aorta_Calcification),十二指肠_占位 (Duodenum_Mass),十二指肠_囊袋状突出影 (Duodenum_Saccular outpouching),十二指肠_憩室 (Duodenum_Diverticulum),十二指肠_梗阻 (Duodenum_Obstruction),十二指肠_溃疡 (Duodenum_Ulcer),大肠_克罗恩病 (Large bowel_Crohn's disease),大肠_大肠（壁）钙化 (Large bowel_Mural calcification),大肠_急慢性（结）肠炎 (Large bowel_Colitis),大肠_浆膜面毛糙 (Large bowel_Serosal surface irregularity),大肠_溃疡性结肠炎 (Large bowel_Ulcerative colitis),大肠_直肠癌 (Large bowel_Rectal cancer),大肠_积液积气 (Large bowel_Gas and fluid accumulation),大肠_结肠癌 (Large bowel_Colon cancer),大肠_肠壁毛糙 (Large bowel_Wall irregularity),大肠_肠壁水肿 (Large bowel_Wall edema),大肠_肠套叠 (Large bowel_Intussusception),大肠_肠憩室 (Large bowel_Diverticulum),大肠_肠梗阻 (Large bowel_Obstruction),大肠_肠穿孔 (Large bowel_Perforation),大肠_肠道扩张 (Large bowel_Dilatation),大肠_脂肪间隙模糊 (Large bowel_Blurring of fat planes),大肠_阑尾炎 (Large bowel_Appendicitis),大肠_阑尾粪石 (Large bowel_Appendicolith),小肠_克罗恩病 (Small bowel_Crohn's disease),小肠_套叠 (Small bowel_Intussusception),小肠_扭转 (Small bowel_Volvulus),小肠_梗阻 (Small bowel_Obstruction),小肠_淋巴瘤 (Small bowel_Lymphoma),小肠_积气积液 (Small bowel_Gas and fluid accumulation),小肠_系膜指膜炎 (Small bowel_Mesenteric panniculitis),小肠_系膜淋巴结肿大 (Small bowel_Mesenteric lymphadenopathy),小肠_肠壁增厚 (Small bowel_Wall thickening),小肠_肠管扩张 (Small bowel_Dilatation),小肠_脂肪瘤 (Small bowel_Lipoma),小肠_间质瘤（胃肠间质瘤-gist） (Small bowel_Gastrointestinal stromal tumor),小肠_（急慢性）小肠炎 (Small bowel_Enteritis),心脏_心包积液 (Heart_Pericardial effusion),心脏_心影（脏）增大 (Heart_Cardiomegaly),肋骨_转移瘤（乳腺癌 骨转移） (Rib_Metastasis),肋骨_骨折 (Rib_Fracture),肋骨_骨质破坏 (Rib_Bone destruction),肝_低密度影 (Liver_Hypoattenuating lesion),肝_格林森鞘积液 (Liver_Periportal edema),肝_比例失调 (Liver_Lobar volume disproportion),肝_波浪状改变 (Liver_Undulating contour),肝_硬化 (Liver_Cirrhosis),肝_结节状强化 (Liver_Nodular enhancement),肝_肝内胆管扩张 (Liver_Intrahepatic bile duct dilatation),肝_肝内胆管结石 (Liver_Hepatolithiasis),肝_肝内钙化灶 (Liver_Intrahepatic calcification),肝_肝囊肿 (Liver_Cyst),肝_肝细胞癌 (Liver_Hepatocellular carcinoma),肝_肝胆管内高密度影 (Liver_Hyperattenuating lesion in intrahepatic bile ducts),肝_肝血管瘤 (Liver_Hemangioma),肝_胆管癌 (Liver_Intrahepatic cholangiocarcinoma),肝_脂肪肝 (Liver_Steatotic liver disease),肝_脓肿 (Liver_Abscess),肝_转移瘤 (Liver_Metastasis),肝_边缘不规则 (Liver_Irregular margin),肺_斑片影 (Lung_Patchy opacity),肺_气胸 (Lung_Pneumothorax),肺_结节 (Lung_Nodule),肺_肺占位 (Lung_Mass),肺_肺萎陷 (Lung_Pulmonary collapse),肺_胸腔积液 (Lung_Pleural effusion),肺_膨胀不全 (Lung_Atelectasis),肺_转移瘤 (Lung_Metastasis),肺_钙化灶 (Lung_Calcification),肺_高密度影 (Lung_Hyperattenuating opacity),肾_低密度影 (Kidney_Hypoattenuating lesion),肾_囊肿 (Kidney_Cyst),肾_多囊肾 (Kidney_Polycystic kidney disease),肾_实质变薄 (Kidney_Parenchymal thinning),肾_无强化囊性灶 (Kidney_Nonenhancing cystic lesion),肾_肾动脉瘤 (Kidney_Renal artery aneurysm),肾_肾盂扩张 (Kidney_Renal pelvic dilatation),肾_肾盂癌 (Kidney_Renal pelvic cancer),肾_肾盂积水 (Kidney_Hydronephrosis),肾_肾细胞癌（透明细胞癌） (Kidney_Renal cell carcinoma),肾_肾萎缩 (Kidney_Atrophy),肾_肾血管平滑肌脂肪瘤 (Kidney_Angiomyolipoma),肾_肾（盂）结石 (Kidney_Nephrolithiasis),肾_高密度影 (Kidney_Hyperattenuating lesion),肾上腺_增生 (Adrenal gland_Hyperplasia),肾上腺_结节 (Adrenal gland_Nodule),肾上腺_脂肪瘤 (Adrenal gland_Lipoma),肾上腺_腺瘤 (Adrenal gland_Adenoma),肾上腺_转移瘤 (Adrenal gland_Metastasis),肾上腺_钙化 (Adrenal gland_Calcification),胃_壁水肿 (Stomach_Wall edema),胃_扩张 (Stomach_Dilatation),胃_胃底静脉曲张 (Stomach_Gastric fundal varices),胃_胃溃疡 (Stomach_Ulcer),胃_胃癌 (Stomach_Gastric cancer),胃_间质瘤（gist） (Stomach_Gastrointestinal stromal tumor (GIST)),胆囊_结石 (Gallbladder_Cholecystolithiasis),胆囊_结节状致密影 (Gallbladder_Nodular stone-like hyperattenuating lesion),胆囊_胆囊增大 (Gallbladder_Distention),胆囊_胆囊炎 (Gallbladder_Cholecystitis),胆囊_胆囊癌 (Gallbladder_Gallbladder cancer),胆囊_胆囊腺肌症 (Gallbladder_Adenomyomatosis),胆囊_胆管壁增厚 (Gallbladder_Extrahepatic bile duct wall thickening),胆囊_胆管扩张 (Gallbladder_Extrahepatic bile duct dilatation),胆囊_胆管炎 (Gallbladder_Cholangitis),胆囊_胆管癌 (Gallbladder_Cholangiocarcinoma),胆囊_胆管积气 (Gallbladder_Pneumobilia),胆囊_胆管结石 (Gallbladder_Extrahepatic bile duct stone),胆囊_高密度影 (Gallbladder_Hyperattenuating lesion),胆囊_黄色肉芽肿 (Gallbladder_Xanthogranuloma),胰腺_低密度影 (Pancreas_Low-density lesion),胰腺_囊肿 (Pancreas_Cyst),胰腺_围脂肪间隙模糊 (Pancreas_Blurring of peripancreatic fat planes),胰腺_肿瘤或胰腺癌 (Pancreas_Pancreatic cancer),胰腺_胰周假性囊肿 (Pancreas_Peripancreatic pseudocyst),胰腺_胰管扩张 (Pancreas_Pancreatic duct dilatation),胰腺_胰管结石 (Pancreas_Pancreatic duct calculus),胰腺_胰腺炎 (Pancreas_Pancreatitis),胰腺_胰腺饱满 (Pancreas_Enlargement),胰腺_萎缩 (Pancreas_Atrophy),脾_低密度灶 (Spleen_Hypoattenuating lesion),脾_副脾 (Spleen_Accessory spleen),脾_囊肿 (Spleen_Cyst),脾_梗死 (Spleen_Infarction),脾_片状低密度区 (Spleen_Patchy hypoattenuating lesion),脾_脾大 (Spleen_Splenomegaly),脾_脾脏淋巴瘤 (Spleen_Lymphoma),脾_钙化 (Spleen_Calcification),膀胱_憩室 (Bladder_Diverticulum),膀胱_结石 (Bladder_Stone),膀胱_膀胱壁毛糙 (Bladder_Wall irregularity),膀胱_膀胱炎 (Bladder_Cystitis),膀胱_膀胱癌 (Bladder_Bladder cancer),膀胱_软组织密度影 (Bladder_Soft-tissue attenuation lesion),门静脉_增宽 (Portal vein_Dilatation),门静脉_栓塞 (Portal vein_Thrombosis),门静脉_高压 (Portal vein_Hypertension),食管_增粗迂曲血管影 (Esophagus_Dilated and tortuous tubular opacities),食管_管壁增厚 (Esophagus_Wall thickening),食管_裂孔疝 (Esophagus_Hiatal hernia),食管_静脉扩张迂曲 (Esophagus_Dilated and tortuous veins),食管_静脉曲张 (Esophagus_Varices),骶骨_骨炎 (Sacrum_Osteitis)
0.nii.gz,0.017018646001815796,0.0071765654720366,0.012220945209264755,0.03052378259599209,0.054504238069057465,0.015446844510734081,0.014501303434371948,0.1506432741880417,0.01753212884068489,0.006609009113162756,0.042424220591783524,0.005886761471629143,0.02484632469713688,0.005606746766716242,0.03112376667559147,0.12680663168430328,0.04655914753675461,0.025420213118195534,0.014105773530900478,0.03642130270600319,0.003356335684657097,0.06906343251466751,0.004809677600860596,0.12944918870925903,0.01342781912535429,0.001649275771342218,0.005015133880078793,0.12911033630371094,0.4369642734527588,0.3780335485935211,0.3105561137199402,0.25829508900642395,0.3660520017147064,0.05985819175839424,0.11475421488285065,0.24807114899158478,0.3605688810348511,0.31670913100242615,0.2543492019176483,0.2085908204317093,0.11673881113529205,0.3084632158279419,0.059151604771614075,0.33365991711616516,0.23842698335647583,0.05073663219809532,0.009798397310078144,0.017489587888121605,0.016201641410589218,0.018862012773752213,0.6204077005386353,0.02219480089843273,0.019766507670283318,0.0026778983883559704,0.019313665106892586,0.7094987034797668,0.020298995077610016,0.5630411505699158,0.3140726387500763,0.007799034472554922,0.9405354261398315,0.9123412370681763,0.06161019206047058,0.023813283070921898,0.06535981595516205,0.025363249704241753,0.022013630717992783,0.02135811559855938,0.033305998891592026,0.021214868873357773,0.021290121600031853,0.013311412185430527,0.030089661478996277,0.05541396886110306,0.06003702059388161,0.008380616083741188,0.0013612254988402128,0.09941456466913223,0.006550022400915623,0.002904880791902542,0.002323700813576579,0.0024088372010737658,0.011995567940175533,0.0017330774571746588,0.024302823469042778,0.0030833608470857143,0.004067303612828255,0.0996876060962677,0.04166990891098976,0.006183561868965626,0.008157937787473202,0.14754442870616913,0.010558268055319786,0.08282807469367981,0.03863508254289627,0.050141096115112305,0.02078656107187271,0.008001381531357765,0.05994340404868126,0.003612572094425559,0.002481962786987424,0.008499971590936184,0.006470471620559692,0.0017266110517084599,0.010689692571759224,0.0056146723218262196,0.00889632385224104,0.004287625662982464,0.006301751360297203,0.0038999870885163546,0.0024585756473243237,0.004760506097227335,0.00020864797988906503,0.007677595596760511,0.02448689378798008,0.00020193355157971382,0.012273003347218037,0.0006778706447221339,0.040541794151067734,0.004416350740939379,0.00014519649266730994,0.0005328137776814401,0.019827023148536682,0.020166177302598953,0.013344215229153633,0.029266243800520897,0.008697436191141605,0.019317755475640297,0.029935214668512344,0.007182592060416937,0.013723946176469326,,,,,,,,,,0.013188199140131474,0.01519271545112133,0.007729596458375454,0.012179363518953323,0.011118997819721699,
1.nii.gz,0.06157829239964485,0.026854267343878746,0.053066059947013855,0.09072892367839813,0.03156815841794014,0.013795079663395882,0.012838116846978664,0.013397064991295338,0.01405769120901823,0.003949904348701239,0.00834067165851593,0.005353296175599098,0.003485351335257292,0.0035260580480098724,0.002508188132196665,0.015365472994744778,0.005387906450778246,0.00355147453956306,0.009803238324820995,0.004773824475705624,0.014960979111492634,0.0027106970082968473,0.009161326102912426,0.009021306410431862,0.006483076605945826,0.01410906296223402,0.01675468683242798,0.004482001531869173,0.019880589097738266,0.016988471150398254,0.0052831778302788734,0.01129748672246933,0.023599663749337196,0.12040293961763382,0.023805446922779083,0.015849778428673744,0.01498680654913187,0.13176773488521576,0.07809065282344818,0.010040787048637867,0.02261796034872532,0.01249819528311491,0.010726121254265308,0.14254888892173767,0.034319501370191574,0.0028682781849056482,0.0020875451155006886,0.009906582534313202,0.005820969585329294,0.007314315531402826,0.018063824623823166,0.0012717399513348937,0.0011961671989411116,0.0014306933153420687,0.0007776894490234554,0.07907690107822418,0.0011758919572457671,0.024086877703666687,0.008363510482013226,0.018432969227433205,0.12748683989048004,0.0070153819397091866,0.00892358087003231,0.012094942852854729,0.01847161166369915,0.009127302095293999,0.006861415226012468,0.017717642709612846,0.01918012835085392,0.017836788669228554,0.0031845190096646547,0.004157349467277527,0.017113417387008667,0.004273491911590099,0.004819684661924839,0.0006478321156464517,0.0006678405916318297,0.005358546506613493,0.012776227667927742,0.0017079991521313787,0.00025673533673398197,0.0015261911321431398,0.0005958379479125142,0.001011471962556243,0.0018192139687016606,0.008305010385811329,0.008752893656492233,0.12929417192935944,0.029231781139969826,0.03974102437496185,0.010069171898066998,0.010662767104804516,0.00840344000607729,0.037956781685352325,0.026802752166986465,0.04814706742763519,0.00931475218385458,0.0034083251375705004,0.022642388939857483,0.0010936048347502947,0.0010054594604298472,0.0031545867677778006,0.002557261846959591,0.00148473447188735,0.002056558383628726,0.0030099914874881506,0.0018636375898495317,0.002248025732114911,0.006622114218771458,0.005734942387789488,0.0007273191004060209,0.001522399834357202,0.0001408707321388647,0.0014413258759304881,0.003047523321583867,0.00019236521620769054,0.0007631781045347452,0.00011650367378024384,0.00464358925819397,0.001376149244606495,0.00018991109391208738,0.0004349015362095088,0.004142881836742163,0.008532403036952019,0.004057153593748808,0.01264029461890459,0.005655227694660425,0.008238025940954685,0.0172372218221426,0.002131036249920726,0.02299637906253338,,,,,,,0.08329657465219498,0.7864365577697754,0.050669822841882706,0.018417809158563614,0.015609188936650753,0.021822571754455566,0.017052724957466125,0.015588782727718353,
10.nii.gz,0.02033046819269657,0.005932595580816269,0.007510613650083542,0.012927888892591,0.03295893222093582,0.014943435788154602,0.01417896430939436,0.07507365942001343,0.03207242116332054,0.0011590353678911924,0.013692419975996017,0.003581609111279249,0.0025130072608590126,0.0028042157646268606,0.0051108188927173615,0.007913376204669476,0.0022614500485360622,0.0027561394963413477,0.004955681040883064,0.0018989144591614604,0.023444129154086113,0.0007740718428976834,0.001286419341340661,0.0060142697766423225,0.0024673105217516422,0.005292706191539764,0.020152661949396133,0.0018043991876766086,0.01060402486473322,0.007782628294080496,0.00225251168012619,0.013189857825636864,0.017088547348976135,0.09737468510866165,0.020314659923315048,0.00964757427573204,0.010181425139307976,0.068575918674469,0.03808677941560745,0.005394664127379656,0.016012484207749367,0.02837945707142353,0.010951961390674114,0.12427619099617004,0.011073200032114983,0.0004397628363221884,0.00015046034241095185,4.791959509020671e-05,1.1136276043544058e-05,1.7810794815886766e-05,0.00011708949750754982,0.00013468482939060777,1.2883514500572346e-05,0.0006066386122256517,0.0005106301396153867,1.6836269196573994e-06,1.0057430699816905e-05,0.0005628716317005455,1.6066462649177993e-06,0.0007975283660925925,2.3007036361377686e-05,1.9907743990188465e-05,1.4060892681300174e-05,0.011611128225922585,0.012650677934288979,0.011245674453675747,0.008670995943248272,0.00734416488558054,0.008193247951567173,0.007368050515651703,0.00260892603546381,0.007569248788058758,0.013561486266553402,0.014918819069862366,0.014606896787881851,0.00013723538722842932,0.0002581924491096288,0.01015393529087305,0.015242443419992924,0.0021864876616746187,0.00037581619108095765,0.0016188202425837517,0.002806140808388591,0.00024314544862136245,0.021984534338116646,0.013472775928676128,0.014295017346739769,0.2719341218471527,0.07742907851934433,0.056417401880025864,0.04488716647028923,0.014340084046125412,0.08306591957807541,0.08792867511510849,0.013817336410284042,0.03937576711177826,0.007434634026139975,0.0018344317795708776,0.04928140714764595,0.0018510697409510612,0.0019508462864905596,0.00458360742777586,0.007266983389854431,0.0003043665492441505,0.17464229464530945,0.003320865100249648,0.0037888684310019016,0.0028096921741962433,0.0006222886731848121,0.0013079963391646743,0.0009286825079470873,0.0026926680002361536,0.00016763500752858818,0.004024071618914604,0.0146903982385993,0.00029124284628778696,0.0005724414950236678,0.00012330213212408125,0.0051271142438054085,0.0003617971087805927,0.00033462740248069167,0.0008568628109060228,0.0021944227628409863,0.029009448364377022,0.00759675819426775,0.051613494753837585,0.0023383640218526125,0.026346251368522644,0.0008224388584494591,0.0022462415508925915,0.008029460906982422,0.3682015836238861,0.028016483411192894,0.02927083894610405,0.007019920740276575,0.00834557507187128,0.012062936089932919,0.004507447127252817,0.0005602075252681971,0.0015491328667849302,0.012408887967467308,0.014534644782543182,0.024076517671346664,0.011397011578083038,0.010308971628546715,0.008137314580380917
11.nii.gz,0.012531619518995285,0.004213364794850349,0.0020749398972839117,0.003656863933429122,0.037081681191921234,0.026506435126066208,0.025420384481549263,0.14672502875328064,0.15635600686073303,0.07861367613077164,0.017654377967119217,0.1249466985464096,0.006927000358700752,0.186609148979187,0.023199494928121567,0.18918673694133759,0.0025588897988200188,0.00798119604587555,0.06312105059623718,0.004593763500452042,0.030925855040550232,0.014487170614302158,0.018239125609397888,0.13434545695781708,0.010240652598440647,0.3303317725658417,0.4452061057090759,0.1458376944065094,0.12377119809389114,0.08043152093887329,0.02076745219528675,0.20473751425743103,0.07135585695505142,0.2886964976787567,0.2785688638687134,0.1092858538031578,0.05800957605242729,0.05191991478204727,0.17536914348602295,0.18024897575378418,0.01977873221039772,0.020127322524785995,0.058387625962495804,0.6308519244194031,0.04686403647065163,0.00031610310543328524,0.0003568828396964818,8.091831114143133e-05,1.9827088181045838e-05,3.049745828320738e-05,0.00011626651394180954,0.00022730935597792268,2.7267973564448766e-05,0.0008051433251239359,0.0002765272802207619,1.849123236752348e-06,2.5389099391759373e-05,0.0006225191755220294,2.3333093395194737e-06,0.0008723621722310781,2.1584057321888395e-05,1.378648721583886e-05,2.026034599111881e-05,0.016436338424682617,0.015381994657218456,0.01162751205265522,0.00834964495152235,0.0118257412686944,0.0116929542273283,0.011885866522789001,0.0022167281713336706,0.011096570640802383,0.01874415948987007,0.00201573153026402,0.001810065470635891,3.760903928196058e-05,0.00026166060706600547,0.001026627141982317,0.003473447635769844,0.0014529452892020345,0.00015532619727309793,0.001152874086983502,0.0004516129847615957,0.0002471857296768576,0.005054726731032133,0.001910165068693459,0.0022385057527571917,0.0101041654124856,0.003911558073014021,0.0102044977247715,0.004581867717206478,0.0009138580062426627,0.0158422589302063,0.04068475216627121,0.017524385824799538,0.057420868426561356,0.010603428818285465,0.0023293462581932545,0.0791511982679367,0.0018108781659975648,0.0017301151528954506,0.00686914287507534,0.00553495716303587,0.0006816659588366747,0.5379724502563477,0.005233983509242535,0.007591924164444208,0.0033965040929615498,0.001605031080543995,0.003638224443420768,0.0010065218666568398,0.002804109361022711,0.00024313385074492544,0.011654972098767757,0.013647018931806087,0.002834922634065151,0.011803727596998215,0.0016412866534665227,0.02066686376929283,0.003793316427618265,0.0030699714552611113,0.0076728458516299725,0.015869293361902237,0.003139741951599717,0.00975378230214119,0.001994913909584284,0.0014621531590819359,0.0029968854505568743,0.009686148725450039,0.0015838313847780228,0.006035001017153263,0.0063166748732328415,0.0071882521733641624,0.01743217371404171,0.0038134120404720306,0.006369788199663162,0.007012472953647375,0.05269630625844002,0.0012674543540924788,0.014592958614230156,0.009169246070086956,0.014343319460749626,0.0849880501627922,0.00835143681615591,0.007465216796845198,0.11195503175258636
12.nii.gz,,,,,0.10521966964006424,0.02856515720486641,0.027261435985565186,0.16422244906425476,0.02614232897758484,0.0948631539940834,0.07417921721935272,0.035673752427101135,0.0033948614727705717,0.029940325766801834,0.003518444485962391,0.07018104195594788,0.004271131008863449,0.003449842566624284,0.05929889902472496,0.019578896462917328,0.011483365669846535,0.04426095634698868,0.07789802551269531,0.059186797589063644,0.016391051933169365,0.11343713104724884,0.061186350882053375,0.30580973625183105,0.18803563714027405,0.2926725447177887,0.21541017293930054,0.11312095820903778,0.2556754946708679,0.18859656155109406,0.2743234932422638,0.23411273956298828,0.23323176801204681,0.018007388338446617,0.021296463906764984,0.23946042358875275,,,,,,0.002777675399556756,0.00040508038364350796,0.00048323094961233437,0.00014764869411010295,0.0002301913482369855,0.0006685257540084422,0.0014512919588014483,0.00038807146484032273,0.0035384271759539843,0.00404165405780077,2.631881034176331e-05,0.00032442258088849485,0.0012521102325990796,0.00010460369958309457,0.006601738277822733,0.0004218683752696961,0.00042391117312945426,0.00020280026365071535,,,,,,,,,,,,,,,,,,,,,,,,,,,,,,,,,,,,,,,,,,,,,,,,,,,,,,,,,,,,,,,,,,,,,0.003191739786416292,0.02460305206477642,0.00919629167765379,0.003314085304737091,0.004206589888781309,0.005943052005022764,,,,,,,,,0.0025729364715516567
13.nii.gz,0.020187728106975555,0.009121292270720005,0.002604859881103039,0.004192372318357229,0.37180662155151367,0.02864973060786724,0.027130456641316414,0.5722500681877136,0.660294234752655,0.12220820784568787,0.6370108127593994,0.12785187363624573,0.0013738489942625165,0.07910651713609695,0.0015192124992609024,0.11807598173618317,0.0014997535618022084,0.0014617618871852756,0.17902305722236633,0.02787693589925766,0.12151455879211426,0.0512295737862587,0.09193575382232666,0.09954415261745453,0.01332994643598795,0.25841251015663147,0.24726858735084534,0.565335750579834,0.37262818217277527,0.536682665348053,0.40367814898490906,0.0999765619635582,0.41227811574935913,0.26985931396484375,0.2577204704284668,0.4513837993144989,0.3958863615989685,0.04521362856030464,0.0714905709028244,0.5611856579780579,0.036013536155223846,0.0850154459476471,0.003727693110704422,0.11260391026735306,0.010169941000640392,0.0034751130733639,0.002479083603248,0.0013943525264039636,0.00016134044562932104,0.0002902059641201049,0.0011013661278411746,0.002745212521404028,0.0022067322861403227,0.001035638153553009,0.0020481280516833067,5.828726352774538e-05,0.0022200539242476225,0.00260393344797194,0.00017574707453604788,0.5317347049713135,0.009135386906564236,0.0003611862484831363,0.00030770289595238864,0.011476411484181881,0.023827629163861275,0.008623835630714893,0.00692458963021636,0.00998949259519577,0.015192074701189995,0.009990180842578411,0.0017074584029614925,0.01022491417825222,0.012698294594883919,0.005705114454030991,0.00595216965302825,0.00019055843586102128,0.00024562975158914924,0.01694888435304165,0.0018041329458355904,0.003905351972207427,0.000163556236657314,0.0031899481546133757,0.0002166925696656108,0.00017859472427517176,0.03495465964078903,0.0005983291193842888,0.0008753408910706639,0.015344224870204926,0.006067143753170967,0.026210403069853783,0.00425763102248311,0.0010143370600417256,0.006219913251698017,0.5484035015106201,0.5012822151184082,0.08428657054901123,0.026121066883206367,0.005236032418906689,0.16921250522136688,0.04282527416944504,0.024019110947847366,0.18079997599124908,0.0663062110543251,0.06095532327890396,0.0014528919709846377,0.07487514615058899,0.06685923039913177,0.10360398888587952,0.033907271921634674,0.20332902669906616,0.10768863558769226,0.05463998764753342,0.20547689497470856,0.0040188804268836975,0.003272436559200287,0.012101007625460625,0.001275285379961133,0.005639785435050726,0.014126544818282127,0.019404243677854538,0.01864069513976574,0.026700513437390327,0.02213088609278202,0.014379767701029778,0.0031235802453011274,0.08187167346477509,0.011813637800514698,0.013535657897591591,0.0063781714998185635,0.0015812065685167909,0.012425833381712437,0.0024679184425622225,0.008580892346799374,0.024003902450203896,0.005279851146042347,0.0047218771651387215,0.005934367887675762,0.015275547280907631,0.015064780600368977,0.008890640921890736,0.005839957855641842,0.03417332097887993,0.13002125918865204,0.005282378755509853,0.004706497769802809,0.05825628340244293
14.nii.gz,0.4897616505622864,0.580890417098999,0.4503224194049835,0.4473477900028229,0.061463478952646255,0.8755240440368652,0.8788726329803467,0.16918854415416718,0.09102043509483337,0.41803064942359924,0.572018563747406,0.4659605324268341,0.06538881361484528,0.3973971903324127,0.042655739933252335,0.79621821641922,0.08994189649820328,0.06982909888029099,0.4758960008621216,0.41527846455574036,0.06923115998506546,0.676723062992096,0.24740540981292725,0.739653468132019,0.09761413186788559,0.04365498200058937,0.045595601201057434,0.059787556529045105,0.101435087621212,0.2459208220243454,0.18146859109401703,0.041220083832740784,0.3997471034526825,0.09546273946762085,0.08399990200996399,0.176974818110466,0.32192641496658325,0.08924171328544617,0.03551923856139183,0.13200445473194122,0.4148308336734772,0.9676345586776733,0.18540236353874207,0.4053131639957428,0.21589221060276031,0.0012900781584903598,0.00012881522707175463,0.00015878088015597314,4.945894761476666e-05,7.278843258973211e-05,0.00032818387262523174,0.00020499498350545764,3.640146314864978e-05,0.0011967277387157083,0.0019391212845221162,3.969275439885678e-06,2.582698107289616e-05,0.0013076282339170575,3.5850405311066424e-06,0.0006313014891929924,0.00011633016401901841,8.706428343430161e-05,5.845771011081524e-05,0.09658940881490707,0.07208573073148727,0.05653001368045807,0.04483269900083542,0.020276211202144623,0.021945614367723465,0.020078973844647408,0.022310201078653336,0.06556166708469391,0.06487146019935608,0.1923723965883255,0.18966250121593475,0.0027804384008049965,0.04127361997961998,0.16339582204818726,0.2690460681915283,0.3591972887516022,0.04673289880156517,0.2901861369609833,0.03881872817873955,0.03678428754210472,0.26194241642951965,0.011846793815493584,0.018836820498108864,0.1947520524263382,0.0880701094865799,0.08178038895130157,0.13310304284095764,0.046646781265735626,0.038002859801054,0.16487248241901398,0.12495921552181244,0.05166701227426529,0.09343379735946655,0.02118382789194584,0.2128554880619049,0.0050654481165111065,0.004623672924935818,0.004104653373360634,0.005989265628159046,0.00029129619360901415,0.15763850510120392,0.0013899508630856872,0.00213520391844213,0.0009721312089823186,0.0003641327493824065,0.0005624245968647301,0.0008843636023811996,0.006675855256617069,7.726295007159933e-05,0.011553438380360603,0.07240843772888184,0.0008009124430827796,0.0012593044666573405,0.0006031785160303116,0.015013492666184902,0.0013776656705886126,0.000889609451405704,0.0020132677163928747,0.00839900691062212,0.10336996614933014,0.027805933728814125,0.1537061482667923,0.005292990244925022,0.0958414077758789,0.011386175639927387,0.005290249362587929,0.04941213130950928,0.3010033071041107,0.027133965864777565,0.0962984561920166,0.06133504956960678,0.006300992798060179,0.007252430077642202,0.015700774267315865,0.002159194555133581,0.006127295549958944,0.0355973094701767,0.7327626347541809,0.9942288398742676,0.03327459469437599,0.030570004135370255,0.007665098644793034
15.nii.gz,0.9099786281585693,0.8273188471794128,0.9353743195533752,0.9332819581031799,0.0418575257062912,0.05829799547791481,0.05716746672987938,0.012874796986579895,0.07084771245718002,0.0753885880112648,0.047151125967502594,0.25457003712654114,0.07527186721563339,0.20010870695114136,0.05100501328706741,0.02636193297803402,0.10164329409599304,0.08032023161649704,0.14759506285190582,0.2327781766653061,0.5994834303855896,0.005644429009407759,0.019231947138905525,0.02477702684700489,0.08973939716815948,0.2983090579509735,0.41871315240859985,0.009541919454932213,0.027579760178923607,0.004968584515154362,0.0013745615724474192,0.022082924842834473,0.012065653689205647,0.0962822213768959,0.03548836335539818,0.02861611731350422,0.008200620301067829,0.287688672542572,0.15885858237743378,0.034848012030124664,0.7048028111457825,0.8589245676994324,0.9819721579551697,0.9946592450141907,0.9799438118934631,0.018893608823418617,0.007715969812124968,0.014639380387961864,0.0017516518710181117,0.0023301830515265465,0.006681394297629595,0.003344619879499078,0.0011317235184833407,0.006565627176314592,0.008576653897762299,0.0005522546707652509,0.001082330709323287,0.013055071234703064,0.0004046585236210376,0.9818205237388611,0.007039095275104046,0.003793129464611411,0.0021771839819848537,0.8525928258895874,0.896963894367218,0.8032180666923523,0.731600821018219,0.5654046535491943,0.696209728717804,0.5613974928855896,0.7330019474029541,0.4642704129219055,0.8387761116027832,0.08516082167625427,0.08213713765144348,0.021554699167609215,0.01547273900359869,0.052667658776044846,0.06977235525846481,0.01621810533106327,0.02746811881661415,0.012706678360700607,0.1833677440881729,0.016750993207097054,0.07901356369256973,0.7833571434020996,0.6353674530982971,0.04814308509230614,0.019651437178254128,0.0619291253387928,0.009321036748588085,0.000975968549028039,0.009180525317788124,0.05133792757987976,0.016809547320008278,0.02734730765223503,0.017898065969347954,0.00304972636513412,0.2175847738981247,0.01767656020820141,0.023518484085798264,0.011259090155363083,0.013354665599763393,0.0028108989354223013,0.19148601591587067,0.009193620644509792,0.028798924759030342,0.015487455762922764,0.0023393877781927586,0.3225063383579254,0.01802324503660202,0.020427366718649864,0.004260118119418621,0.002479390474036336,0.007293882314115763,0.0002576163096819073,0.000250492972554639,8.679173333803192e-05,0.001262625097297132,0.00014809172716923058,0.0002796979679260403,0.00046930249664001167,0.002278525847941637,0.0045953006483614445,0.003155771642923355,0.00533559825271368,0.0007849755929782987,0.0043313889764249325,0.0047437227331101894,0.0010558642679825425,0.006438660901039839,0.09870497137308121,0.07008111476898193,0.35589632391929626,0.32205432653427124,0.026463821530342102,0.017568502575159073,0.02829163894057274,0.0027104136534035206,0.009125642478466034,0.20626015961170197,0.10597334802150726,0.3442402482032776,0.20060163736343384,0.19362866878509521,0.00430243881419301
16.nii.gz,0.025178633630275726,0.0123969204723835,0.00902712345123291,0.0175663810223341,0.06039292737841606,0.10708308964967728,0.10278598964214325,0.009483114816248417,0.00944670382887125,0.014907953329384327,0.11721211671829224,0.024571985006332397,0.002962600439786911,0.022016417235136032,0.00610645767301321,0.03337664157152176,0.0026326728984713554,0.003205193905159831,0.01657550036907196,0.006262746173888445,0.22011138498783112,0.00757426954805851,0.0068097724579274654,0.028125720098614693,0.0059168459847569466,0.03027277998626232,0.07441744208335876,0.0005644417251460254,0.004905238281935453,0.00202782335691154,0.0006995018338784575,0.0029765362851321697,0.004323150496929884,0.06251831352710724,0.00988952536135912,0.0017110963817685843,0.0024662921205163,0.04708656668663025,0.02824152633547783,0.0012064367765560746,,,0.025396427139639854,0.08192484080791473,0.04325434938073158,,,,,,,,,,,,,,,,,,,,,,,,,,,,,0.004976141732186079,0.005505497567355633,0.03257018327713013,0.006678025238215923,0.016845151782035828,0.004014760255813599,0.0032809937838464975,0.001695477170869708,0.0032461488153785467,0.0021867130417376757,0.009464392438530922,0.004809572361409664,0.0028666681610047817,0.0034089519176632166,,,,,,,,,,,,,,,,,,,,,,,,,,,,,,,,,,,,,,,,,,,,,0.03198125585913658,0.02506893128156662,0.0949808731675148,0.03319530934095383,0.03483683615922928,0.04326831176877022,,,,,,,,,0.0027993826661258936
17.nii.gz,0.021267006173729897,0.007451475132256746,0.01724812760949135,0.02760102041065693,0.5299810171127319,0.06939935684204102,0.0662444457411766,0.37504783272743225,0.11401351541280746,0.0020559269469231367,0.01919914409518242,0.0016339756548404694,0.002667144639417529,0.0009246247936971486,0.003135122125968337,0.023203976452350616,0.004234055522829294,0.002603099914267659,0.008866958320140839,0.006423201411962509,0.03516558185219765,0.014728247188031673,0.0051086400635540485,0.021934589371085167,0.005402526818215847,0.005310902837663889,0.01970123127102852,0.00044474800233729184,0.03555010259151459,0.026560010388493538,0.022115660831332207,0.03834149241447449,0.03334107995033264,0.05095544084906578,0.0346212163567543,0.006645187269896269,0.032119084149599075,0.03651443123817444,0.2252931445837021,0.0010423959465697408,0.02610526606440544,0.030070854350924492,0.0046242824755609035,0.16877515614032745,0.013555007055401802,0.0015156810404732823,0.004661041311919689,0.0005611045053228736,0.00017187168123200536,0.000281154818367213,0.0007701214635744691,0.14060644805431366,0.02903922088444233,0.0005267850356176496,0.0013962941011413932,0.00011625076876953244,0.08523467928171158,0.0007445761584676802,0.03803776204586029,0.004631461575627327,0.0025569763965904713,0.000882656779140234,0.00032225859467871487,0.007995516993105412,0.02039387822151184,0.005838850978761911,0.0040804841555655,0.0073004309087991714,0.01364713441580534,0.007276935502886772,0.0017515302170068026,0.004143802914768457,0.010178248398005962,0.012315516360104084,0.015908049419522285,0.00329425185918808,0.0009977477602660656,0.02984481118619442,0.011920658871531487,0.0037441521417349577,0.0017971001798287034,0.0037159952335059643,0.0022151952143758535,0.0014559902483597398,0.002433422254398465,0.006146944593638182,0.007951155304908752,0.02323050983250141,0.012781033292412758,0.01821700483560562,0.0030864656437188387,0.013874134980142117,0.015719400718808174,0.014878807589411736,0.07076320797204971,0.016398048028349876,0.0017895986093208194,0.0013626815052703023,0.0069725788198411465,0.004692257381975651,0.002605994464829564,0.42276468873023987,0.019686250016093254,0.062423091381788254,0.003994777798652649,0.1322840303182602,0.2652699947357178,0.07496460527181625,0.4427223801612854,0.1617307960987091,0.028706911951303482,0.006345520727336407,0.012979932129383087,0.45848318934440613,0.3012690544128418,0.3487594723701477,0.9798949360847473,0.6330826878547668,0.9596540927886963,0.8739074468612671,0.2612655758857727,0.44599127769470215,0.8357831239700317,0.004010342992842197,0.0038036503829061985,0.006836476270109415,0.0020726248621940613,0.0038136932998895645,0.0012086108326911926,0.0006881809676997364,0.012571529485285282,,,,,,,0.022954382002353668,0.022963857278227806,0.012719647958874702,0.024557411670684814,0.0066871945746243,0.022741928696632385,0.022921036928892136,0.021126719191670418,
18.nii.gz,0.014846581034362316,0.007138431537896395,0.0011345499660819769,0.002086093183606863,0.013361389748752117,0.11213812977075577,0.10629712045192719,0.04688875004649162,0.05999370664358139,0.026827368885278702,0.010979137383401394,0.02836971916258335,0.0039021125994622707,0.035199280828237534,0.0061589377000927925,0.10043186694383621,0.004158879164606333,0.0041866907849907875,0.012407590635120869,0.008021382614970207,0.017752032727003098,0.016124365851283073,0.0168391652405262,0.0642717257142067,0.008108438923954964,0.09696721285581589,0.06291764229536057,0.03313593566417694,0.06819147616624832,0.039824098348617554,0.013395357877016068,0.04013358801603317,0.04807358980178833,0.11978211253881454,0.06150557100772858,0.0416443906724453,0.03205623850226402,0.06617939472198486,0.07072187215089798,0.05927139148116112,0.019822387024760246,0.014841602183878422,0.017302656546235085,0.08473915606737137,0.0228011142462492,0.0003624732489697635,0.00011893054033862427,5.479497485794127e-05,1.3827570001012646e-05,2.1096038835821673e-05,0.00013897298777010292,6.24812237219885e-05,1.1702652955136728e-05,0.00018248104606755078,0.00031679822131991386,7.511122930736747e-06,8.673804586578626e-06,0.0003650039143394679,3.7177755984885152e-06,0.0006084912456572056,0.00016330626385752112,2.953317016363144e-05,2.1118061340530403e-05,0.010539663024246693,0.019460847601294518,0.010879263281822205,0.008988159708678722,0.005987948272377253,0.009542691521346569,0.005971812177449465,0.002678526332601905,0.010388197377324104,0.01177243236452341,0.0027020357083529234,0.00258260453119874,0.00011406265548430383,7.099861250026152e-05,0.0033400487154722214,0.0009081183816306293,0.00047234765952453017,0.00010866952652577311,0.00040646534762345254,0.00043573809671215713,4.53800312243402e-05,0.0031320194248110056,0.0002743754012044519,0.0004914971650578082,0.02926504798233509,0.006158263422548771,0.013847301714122295,0.0034723319113254547,0.0012241121148690581,0.005585182923823595,0.05344380438327789,0.017421739175915718,0.011864133179187775,0.014165705069899559,0.002019569044932723,0.042143650352954865,0.0005287191597744823,0.00029514136258512735,0.001859319512732327,0.0012438389239832759,0.00018218740297015756,0.01865246705710888,0.0004225195152685046,0.0004275366954971105,0.00047648907639086246,0.00018989985983353108,0.0008194454712793231,0.00020770376431755722,0.0007790324161760509,4.858486136072315e-05,0.0011843397514894605,0.003953278996050358,0.0004130394081585109,0.000161652424139902,0.0005405664560385048,0.0016387064242735505,0.00037189453723840415,0.0005216983845457435,0.0008695359574630857,0.0018665636889636517,0.00975815486162901,0.009758333675563335,0.018704785034060478,0.003418584819883108,0.009268717840313911,0.031868793070316315,0.0027600598987191916,0.004260522313416004,0.004699101205915213,0.004371097311377525,0.012398992665112019,0.002119125099852681,0.005159860011190176,0.006755088921636343,0.0011013381881639361,0.0004927987465634942,0.00047417465248145163,0.0039068348705768585,0.018591921776533127,0.0433158278465271,0.0035099571105092764,0.00309955095872283,0.008017518557608128
19.nii.gz,0.056810032576322556,0.019122134894132614,0.012278576381504536,0.020538777112960815,0.03086121939122677,0.03586290031671524,0.033622827380895615,0.03404435142874718,0.01580134965479374,0.0848456621170044,0.03328865393996239,0.13244503736495972,0.008875662460923195,0.14652781188488007,0.00873438362032175,0.08776495605707169,0.009846712462604046,0.009313791058957577,0.09641456604003906,0.02568107284605503,0.02981855534017086,0.03264930099248886,0.03866124525666237,0.0751216784119606,0.023612914606928825,0.09408042579889297,0.03783857449889183,0.023391125723719597,0.07194235920906067,0.07891558855772018,0.045367322862148285,0.06178339198231697,0.1298115998506546,0.15118233859539032,0.07815253734588623,0.06151022017002106,0.09180224686861038,0.039387792348861694,0.06395895034074783,0.05497020110487938,,,,,,,,,,,,,,,,,,,,,,,,,,,,,,,,,,0.011571111157536507,0.012917287647724152,0.0049504865892231464,0.003423667047172785,0.026974208652973175,0.004195984918624163,0.0032580567058175802,0.0003736510989256203,0.0029078740626573563,0.0005704959621652961,0.007070631254464388,0.008401338011026382,0.0034720797557383776,0.003701469860970974,,,,,,,,,,,,,,,,,,,,,,,,,,,,,,,,,,,,,,,,,,,,,0.011493556201457977,0.005628142971545458,0.008722925558686256,0.002022254280745983,0.009308966808021069,0.010868365876376629,,,,,,,,,0.0011293235002085567
2.nii.gz,0.11460593342781067,0.031210610643029213,0.15436218678951263,0.31024834513664246,0.021085452288389206,0.31283220648765564,0.31302547454833984,0.02077557146549225,0.04523346200585365,0.011071624234318733,0.02203858457505703,0.034333422780036926,0.0048757512122392654,0.025861557573080063,0.006315053440630436,0.03768312186002731,0.0040931436233222485,0.005426737479865551,0.038351986557245255,0.005400944501161575,0.15935403108596802,0.002812005812302232,0.018085604533553123,0.02105054445564747,0.009192991070449352,0.2606641948223114,0.4338923692703247,0.004739705938845873,0.012011129409074783,0.002909058937802911,0.0016944902017712593,0.007546051871031523,0.0139850452542305,0.07819550484418869,0.01698591560125351,0.013763942755758762,0.008384203538298607,0.33429446816444397,0.05214497819542885,0.01610182598233223,0.023280829191207886,0.005740405060350895,0.07090738415718079,0.31327471137046814,0.07065294682979584,0.0014301525661721826,0.0002642471808940172,9.97453389572911e-05,2.218745430582203e-05,3.3472038921900094e-05,0.0003800102276727557,0.00013028239482082427,1.0049991033156402e-05,0.0011600108118727803,0.001649707555770874,4.0228637772088405e-06,6.910250249347882e-06,0.0017265623901039362,2.42142641582177e-06,0.003056851914152503,6.58987628412433e-05,7.215987716335803e-05,2.994650276377797e-05,0.19224436581134796,0.3029954433441162,0.047270264476537704,0.03664330393075943,0.1087595596909523,0.29523155093193054,0.10795796662569046,0.03535372018814087,0.050330646336078644,0.14016950130462646,0.15301384031772614,0.1588115245103836,0.0004499163187574595,0.0016031402628868818,0.09990133345127106,0.051056962460279465,0.009278940036892891,0.0008716753218322992,0.006413954310119152,0.0033489062916487455,0.001474779681302607,0.05659106746315956,0.004353770986199379,0.006885801441967487,0.3727754056453705,0.09247810393571854,0.02024153247475624,0.047324471175670624,0.0076607512310147285,0.023218616843223572,0.11634016036987305,0.050306957215070724,0.024657800793647766,0.03121989034116268,0.005678436253219843,0.1346726417541504,0.002843532944098115,0.0027901465073227882,0.0011403054231777787,0.005390285514295101,0.00013720986316911876,0.18019597232341766,0.0009918224532157183,0.0008649979718029499,0.000904474756680429,0.000168511614901945,0.0013089771382510662,0.0004851842822972685,0.004033137112855911,6.355266668833792e-05,0.007191816344857216,0.03389747068285942,0.0007662990246899426,0.0005021643592044711,0.00029265572084113955,0.006066476926207542,0.0004759539442602545,0.0009610388660803437,0.0014322352362796664,0.005194999277591705,0.003836980788037181,0.004683609586209059,0.009478024207055569,0.00021592613484244794,0.003520247293636203,0.0019303675508126616,0.0003538068849593401,0.008367576636373997,0.00951591320335865,0.00665851216763258,0.03852059692144394,0.009773090481758118,0.0017893345793709159,0.002119911601766944,0.002905730390921235,0.0004192540654912591,0.0009423582232557237,0.008929810486733913,0.017244184389710426,0.027999233454465866,0.008151775225996971,0.007330737542361021,0.06625644862651825
20.nii.gz,0.24837414920330048,0.09959667921066284,0.5128602385520935,0.6644577980041504,0.003111822297796607,0.017925595864653587,0.0172280203551054,0.005769369658082724,0.0007505306275561452,0.0027795436326414347,0.09920843690633774,0.002416411880403757,0.00036915685632266104,0.0010513258166611195,0.00012676470214501023,0.011246025562286377,0.0009622208890505135,0.0004100589139852673,0.004388682544231415,0.0019522049697116017,0.1343739628791809,0.0011511752381920815,0.0005324048106558621,0.00852455198764801,0.0011365489335730672,0.03229761868715286,0.22771242260932922,0.000561210501473397,0.003243070561438799,0.006535192020237446,0.004818100016564131,0.002448707353323698,0.03371402993798256,0.04384339228272438,0.012577727437019348,0.0051866513676941395,0.02213280461728573,0.048431333154439926,0.006453031674027443,0.0018642623908817768,0.03498728200793266,0.08142129331827164,0.028727134689688683,0.12934355437755585,0.021792085841298103,0.008978379890322685,0.0011293310672044754,0.0012440895661711693,0.00011533661745488644,0.000166233628988266,0.0030016202945262194,0.00024178704188670963,1.5358999007730745e-05,0.0044916411861777306,0.0046708183363080025,1.8222865037387237e-05,9.259895705326926e-06,0.014097725972533226,2.234137809864478e-06,0.8228350877761841,0.00031951963319443166,0.0008313792059198022,0.00015874727978371084,0.018002834171056747,0.019245456904172897,0.018825139850378036,0.012991954572498798,0.006544421426951885,0.009669924154877663,0.0065443129278719425,0.003693042555823922,0.009694059379398823,0.019123230129480362,0.029839612543582916,0.028973082080483437,3.68038090527989e-05,0.00013043567014392465,0.011874272488057613,0.007336860988289118,0.0005841494421474636,4.414804789121263e-05,0.0003943330957554281,0.00042093597585335374,0.00016802354366518557,0.0037974815350025892,0.0019018359016627073,0.0026696191634982824,0.0501646026968956,0.018620451912283897,0.04789826273918152,0.012487142346799374,0.0005138140404596925,0.02795642800629139,0.012247804552316666,0.014994162134826183,0.028408057987689972,0.0014489926397800446,0.00043985049705952406,0.005929964128881693,0.0024060201831161976,0.0023490129970014095,0.0016738430131226778,0.002676213625818491,2.1082905732328072e-05,0.05703696981072426,0.000551115139387548,0.001109966658987105,0.0005900767864659429,7.29776147636585e-05,0.0021624371875077486,0.00046840286813676357,0.0032787492964416742,9.649310413806234e-06,0.0017260696040466428,0.013920092023909092,4.7832392738200724e-05,0.0001094689141609706,1.243033057107823e-05,0.011109553277492523,0.0005650736857205629,4.8745998356025666e-05,0.00011704908683896065,0.0014143282314762473,0.008737554773688316,0.007056675385683775,0.007107800338417292,0.001043260213918984,0.008134744130074978,0.00512525113299489,0.000896164623554796,0.004160641692578793,0.14340344071388245,0.02012602612376213,0.03829023241996765,0.00875911395996809,0.008265595883131027,0.007027140352874994,0.009738747961819172,0.001085244701243937,0.002818580949679017,0.009653836488723755,0.027666274458169937,0.1365206092596054,0.0088004469871521,0.007884014397859573,0.008705020882189274
21.nii.gz,0.010654621757566929,0.00476613687351346,0.0025542450603097677,0.007179501466453075,0.010061032138764858,0.13019266724586487,0.1273781955242157,0.047511737793684006,0.03955225646495819,0.2728845477104187,0.06631488353013992,0.4008581042289734,0.005918681155890226,0.40331804752349854,0.00450018048286438,0.49241721630096436,0.007525161374360323,0.006307149305939674,0.3322364091873169,0.03875000774860382,0.02685490809381008,0.1593112349510193,0.27063512802124023,0.3636048436164856,0.03184181824326515,0.6135646104812622,0.2297298163175583,0.621722400188446,0.36275628209114075,0.17999939620494843,0.17980535328388214,0.12401614338159561,0.3416193425655365,0.22537840902805328,0.20498323440551758,0.4505510628223419,0.2892202138900757,0.3311533033847809,0.13047747313976288,0.7333786487579346,0.04721192643046379,0.02293611690402031,0.01280512847006321,0.13370400667190552,0.024259760975837708,0.0003805436717811972,0.0002062505081994459,0.00013012075214646757,4.0308808820554987e-05,6.260348891373724e-05,0.00010657989332685247,6.359256076393649e-05,1.3599274097941816e-05,0.0004314023826736957,0.0003601564676500857,8.43298312247498e-06,9.144897376245353e-06,0.00025298818945884705,2.7540720566321397e-06,0.0006299314554780722,8.908721792977303e-05,1.8558417650638148e-05,4.4617376261157915e-05,0.017415961250662804,0.022595174610614777,0.011394428089261055,0.009379356168210506,0.011164609342813492,0.015264052897691727,0.011170107871294022,0.002455018227919936,0.011627824045717716,0.01640411652624607,0.003138984087854624,0.0029505768325179815,0.00015728741709608585,0.0002676657459232956,0.005496257450431585,0.0010231116320937872,0.0009090274688787758,0.00020290531392674893,0.0007467410177923739,0.0008815251640044153,0.00015637266915291548,0.005879749543964863,0.0006902894820086658,0.000926137319765985,0.019512774422764778,0.007126146927475929,0.017773056402802467,0.005696805659681559,0.001678474131040275,0.0062517994083464146,0.06162041053175926,0.032686617225408554,0.04001953452825546,0.010589007288217545,0.0025384475011378527,0.030205819755792618,0.0011786685790866613,0.0010642239358276129,0.0005540044512599707,0.001350682694464922,4.910890856990591e-05,0.04185955226421356,0.0002958721888717264,0.00037595542380586267,0.0002763527736533433,7.611387263750657e-05,0.0010267200414091349,0.00019912557036150247,0.0017319128382951021,1.737670936563518e-05,0.0024851004127413034,0.004885767120867968,0.0007673304062336683,0.0003033344110008329,0.00034912474802695215,0.002404498402029276,0.00028427637880668044,0.0009037326090037823,0.0015417697140946984,0.0030249992851167917,0.07270020246505737,0.02432107925415039,0.14224335551261902,0.06613147258758545,0.07228430360555649,0.4998927712440491,0.1413886398077011,0.00716764573007822,0.08103558421134949,0.08614999800920486,0.31072142720222473,0.2565361261367798,0.08867906779050827,0.09110064804553986,0.012179571203887463,0.00035472147283144295,0.003029122482985258,0.00878247432410717,0.012274022214114666,0.06295240670442581,0.008005091920495033,0.007170378230512142,0.43932417035102844
22.nii.gz,0.0020181993022561073,0.000795081490650773,0.0027763505931943655,0.007192786317318678,0.008088636212050915,0.03391886129975319,0.03299760818481445,0.003598742187023163,0.0034354072995483875,0.0005228233058005571,0.021504098549485207,0.000905396940652281,0.0004964401014149189,0.0003360119299031794,0.00043885494233109057,0.004115874879062176,0.0006162537029013038,0.0005092598730698228,0.011329969391226768,0.0008514609071426094,0.11022569239139557,0.000649990513920784,0.0016245533479377627,0.002476124558597803,0.00132861384190619,0.0032093178015202284,0.033456914126873016,0.0009458020213060081,0.004753792192786932,0.005040985532104969,0.002150121610611677,0.004631685558706522,0.013089972548186779,0.09128659218549728,0.014038855209946632,0.007989657111465931,0.008050240576267242,0.07959385216236115,0.027533942833542824,0.0027432460337877274,0.042514216154813766,0.05002668872475624,0.01176433078944683,0.14772827923297882,0.03454147279262543,0.011626132763922215,0.05431768298149109,0.985140323638916,0.9974270462989807,0.9961050748825073,0.010377021506428719,0.004330901429057121,0.007027120795100927,0.006808089092373848,0.007163886912167072,0.8523918390274048,0.006431337911635637,0.00320532638579607,0.011959177441895008,0.0782235786318779,0.0038230596110224724,0.0019402363104745746,0.9619510769844055,0.01684887707233429,0.01581420563161373,0.022802220657467842,0.016460977494716644,0.005346186459064484,0.008583574555814266,0.0053217909298837185,0.005896407179534435,0.012200543656945229,0.01854662410914898,0.005478198640048504,0.005511842668056488,0.0009028074564412236,0.0016825894126668572,0.00661146454513073,0.005467010661959648,0.0007572431932203472,0.00028564559761434793,0.0005881740944460034,0.0020057219080626965,0.0028024993371218443,0.0033501815050840378,0.0033510380890220404,0.0037573210429400206,0.015080438926815987,0.009699110873043537,0.007885475642979145,0.0040004379115998745,0.0069068013690412045,0.004960312508046627,0.35514870285987854,0.013722597621381283,0.8731282949447632,0.007698666304349899,0.003247068263590336,0.018147027119994164,0.0019581145606935024,0.0017108676256611943,0.07911356538534164,0.01049112994223833,0.0004983411054126918,0.02077457681298256,0.006626494694501162,0.007873937487602234,0.005220232531428337,0.003449744312092662,0.0006435764371417463,0.0020698229782283306,0.0027062292210757732,0.0001400951441610232,0.0028915025759488344,0.012799729593098164,0.0005966056487523019,0.00027141146711073816,0.0001824132341425866,0.005317024886608124,0.000191409038961865,0.0005788760608993471,0.0010425299406051636,0.003149143885821104,0.16258178651332855,0.03555022180080414,0.22156108915805817,0.45210543274879456,0.17376165091991425,0.9599401354789734,0.15252678096294403,0.046062543988227844,,,,,,,0.9318171143531799,0.2912037670612335,0.9070990681648254,0.9597083330154419,0.386650949716568,0.32194435596466064,0.9618440270423889,0.9636964797973633,
23.nii.gz,0.17835389077663422,0.09839537739753723,0.07926807552576065,0.08592765778303146,0.288831889629364,0.07279293239116669,0.07002008706331253,0.21056310832500458,0.09579340368509293,0.025820620357990265,0.0754094272851944,0.026107145473361015,0.018805038183927536,0.017179423943161964,0.011980951763689518,0.023612726479768753,0.03133126348257065,0.018766675144433975,0.04809367284178734,0.04076909273862839,0.1366967111825943,0.015033354982733727,0.03081587515771389,0.021341193467378616,0.0363893061876297,0.11189122498035431,0.15087531507015228,0.0201464481651783,0.1417803317308426,0.039978593587875366,0.031009994447231293,0.1283748745918274,0.05030031502246857,0.2277860939502716,0.1179247722029686,0.04345862939953804,0.04799715429544449,0.41043516993522644,0.49865832924842834,0.021653182804584503,,,0.049130212515592575,0.1333010345697403,0.11232474446296692,0.16706199944019318,0.07707519829273224,0.09870949387550354,0.04131370782852173,0.052690885961055756,0.09552808105945587,0.13155828416347504,0.036434274166822433,0.20632071793079376,0.20417945086956024,0.002232960658147931,0.033175211399793625,0.17302687466144562,0.01458765659481287,0.45455703139305115,0.020205091685056686,0.0955679714679718,0.04174722731113434,,,,,,,,,,,0.2890525460243225,0.30716538429260254,0.5281128883361816,0.1084110364317894,0.3864935338497162,0.17703542113304138,0.0919998362660408,0.06357195228338242,0.08916505426168442,0.12383317947387695,0.14365354180335999,0.12363660335540771,0.17475591599941254,0.20178604125976562,,,,,,,0.04848582670092583,0.06894083321094513,0.05407340079545975,0.038226086646318436,0.024724017828702927,0.08518774062395096,,,,,,,,,,,,,,,,,,,,,,,,,0.40092703700065613,0.16002485156059265,0.38328614830970764,0.18915902078151703,0.39251136779785156,0.23292002081871033,0.598410964012146,0.2323269546031952,0.025304965674877167,0.03500260040163994,0.0437057763338089,0.01621345430612564,0.011422522366046906,0.01260303519666195,,,,,,,,,
24.nii.gz,0.6072724461555481,0.39246508479118347,0.7037447094917297,0.64000403881073,0.039394352585077286,0.03739725425839424,0.03698011860251427,0.049549855291843414,0.042702607810497284,0.0007521800580434501,0.01396432239562273,0.002253700513392687,0.0008682130137458444,0.0009702839306555688,0.0018811416812241077,0.007888023741543293,0.00038410769775509834,0.0009244353859685361,0.034280646592378616,0.00030037740361876786,0.32570672035217285,0.0006431673537008464,0.00584246963262558,0.004335768986493349,0.0020075191278010607,0.012856042012572289,0.1424078494310379,0.0007235717494040728,0.006953507661819458,0.004806597717106342,0.001487824716605246,0.010012426413595676,0.01186605729162693,0.3618320822715759,0.02649298682808876,0.011042501777410507,0.007329707033932209,0.3602178990840912,0.04649849981069565,0.00384738901630044,0.05365797132253647,0.12006738781929016,0.01823398470878601,0.2520168125629425,0.01872793585062027,0.1979346126317978,0.8807194828987122,0.22264499962329865,0.22524653375148773,0.2590242326259613,0.03234310448169708,0.10331054031848907,0.04488074779510498,0.15429700911045074,0.49648505449295044,0.0015302656684070826,0.033873409032821655,0.09123632311820984,0.0063455356284976006,0.05328310281038284,0.010840602219104767,0.0074646021239459515,0.11637701839208603,0.04520878568291664,0.05893172696232796,0.008407064713537693,0.0053498647175729275,0.15398310124874115,0.11793071031570435,0.15534423291683197,0.001312042586505413,0.006662364117801189,0.05404181033372879,0.020213276147842407,0.020439131185412407,0.0002407996216788888,0.0010678701801225543,0.00866686087101698,0.04603256285190582,0.0015074277762323618,0.00033066803007386625,0.0011979492846876383,0.0022879044990986586,0.001753550604917109,0.007009969558566809,0.005167628172785044,0.007341744843870401,0.0583312101662159,0.04479439929127693,0.06948873400688171,0.022532304748892784,0.0036609384696930647,0.04830437898635864,0.35951468348503113,0.07058624178171158,0.6395296454429626,0.0012085521593689919,0.0005359480855986476,0.01204025000333786,0.022134870290756226,0.020960144698619843,0.08764838427305222,0.059948813170194626,0.006553408689796925,0.007356735412031412,0.09630333632230759,0.1503511518239975,0.13177044689655304,0.025782687589526176,0.24613723158836365,0.062299903482198715,0.028866341337561607,0.01080760546028614,0.012986849062144756,0.01982427015900612,0.00627526780590415,0.003207088215276599,0.001426977338269353,0.021535897627472878,0.006611796095967293,0.006536991335451603,0.008625589311122894,0.059759948402643204,0.6253597140312195,0.09706291556358337,0.3888939619064331,0.9889129996299744,0.6533102989196777,0.98752361536026,0.903161883354187,0.08508254587650299,0.027619967237114906,0.013608131557703018,0.08771473169326782,0.028445111587643623,0.004188707564026117,0.004383776802569628,0.9930692911148071,0.8323697447776794,0.982915997505188,0.7048319578170776,0.014045707881450653,0.21555981040000916,0.7073268294334412,0.707568347454071,0.024218758568167686
25.nii.gz,0.02161220647394657,0.008910659700632095,0.005807038862258196,0.009620667435228825,0.14125044643878937,0.10533995926380157,0.10298711061477661,0.04415373131632805,0.1773393303155899,0.011651560664176941,0.01512824185192585,0.01816762052476406,0.01467166282236576,0.013848083093762398,0.02085002511739731,0.04497350752353668,0.019125157967209816,0.015289000235497952,0.023829059675335884,0.02943694218993187,0.08138982951641083,0.008455991744995117,0.026231305673718452,0.028863152489066124,0.022896749898791313,0.18293297290802002,0.2148105800151825,0.006447784602642059,0.10302311927080154,0.03747159615159035,0.023111408576369286,0.0348665751516819,0.06739504635334015,0.060672253370285034,0.033273085951805115,0.030249834060668945,0.05461117997765541,0.3142646551132202,0.40462565422058105,0.01648426242172718,0.3037068247795105,0.5175806879997253,0.03351753577589989,0.18143640458583832,0.11057369410991669,0.006598739419132471,0.0011949640465900302,0.01793997921049595,0.006741137709468603,0.009970692917704582,0.004203008487820625,0.0056440699845552444,0.02460729517042637,0.010527591221034527,0.004235120955854654,0.0022386976052075624,0.02199665457010269,0.003757258877158165,0.006021144334226847,0.13572315871715546,0.02149844542145729,0.0033736482728272676,0.008525857701897621,0.055509522557258606,0.07860145717859268,0.050566740334033966,0.04329764470458031,0.08509670943021774,0.0906374454498291,0.08580013364553452,0.0429580993950367,0.014662200585007668,0.07486218959093094,0.010167517699301243,0.010023663751780987,0.00413415627554059,0.004358144477009773,0.015555568039417267,0.012560926377773285,0.002973898546770215,0.0021904839668422937,0.002680005505681038,0.010658849962055683,0.003867619438096881,0.02356724999845028,0.00550630409270525,0.006720811128616333,0.173617884516716,0.11477600783109665,0.5806488394737244,0.05303521081805229,0.09285970777273178,0.0266056377440691,0.0492468923330307,0.040270403027534485,0.06424301117658615,0.014028225094079971,0.004207049962133169,0.09870363771915436,0.8716199398040771,0.7811005711555481,0.9575831294059753,0.9001449346542358,0.9336597323417664,0.011970167979598045,0.8920629620552063,0.8153080344200134,0.9473768472671509,0.8330801129341125,0.8917031288146973,0.9711266160011292,0.8484539985656738,0.9911223649978638,0.008769267238676548,0.01947220228612423,0.003001183969900012,0.001310425461269915,0.004692406859248877,0.00782616063952446,0.002170262858271599,0.0036606567446142435,0.005219531711190939,0.01061264332383871,0.10924487560987473,0.5929601788520813,0.2411598116159439,0.1006317213177681,0.10625191032886505,0.4967527985572815,0.25704604387283325,0.037855155766010284,0.06017869710922241,0.08470716327428818,0.18813268840312958,0.14639988541603088,0.019301606342196465,0.02493417263031006,0.04650205001235008,0.022879719734191895,0.02568667009472847,,,,,,
26.nii.gz,0.038480039685964584,0.020391102880239487,0.024048207327723503,0.05848124995827675,0.024020174518227577,0.10407914966344833,0.10157225281000137,0.1676756590604782,0.04359236732125282,0.20862267911434174,0.04718855395913124,0.49823465943336487,0.05873310938477516,0.5418131947517395,0.12481372058391571,0.20593775808811188,0.032801222056150436,0.06314915418624878,0.3814298212528229,0.08278614282608032,0.10562239587306976,0.06698741018772125,0.21669046580791473,0.1654614508152008,0.07744088768959045,0.2106371968984604,0.08679134398698807,0.25165313482284546,0.14480750262737274,0.12929919362068176,0.10468044131994247,0.08669377863407135,0.28229519724845886,0.22453640401363373,0.15901103615760803,0.26253339648246765,0.2257128208875656,0.13720105588436127,0.03136308491230011,0.43909743428230286,0.029129421338438988,0.01817208342254162,0.026202356442809105,0.09757782518863678,0.028090592473745346,0.000685958017129451,8.989082562038675e-05,8.087018068181351e-05,3.292855399195105e-05,4.6869849029462785e-05,0.0001950397272594273,0.0001376356085529551,2.299723018950317e-05,0.0016467934474349022,0.001233245711773634,3.866132828989066e-06,1.4806887520535383e-05,0.001077850698493421,2.0084619336557807e-06,0.00015852083743084222,3.5410947020864114e-05,2.5262903363909572e-05,3.4339085686951876e-05,0.01926819048821926,0.019758831709623337,0.020520292222499847,0.016090571880340576,0.007261924911290407,0.009226135909557343,0.007252024486660957,0.00552431121468544,0.019939903169870377,0.019326459616422653,0.3186784088611603,0.31956738233566284,0.031063944101333618,0.15284888446331024,0.34158486127853394,0.12017134577035904,0.47008979320526123,0.14117489755153656,0.38480380177497864,0.1294199526309967,0.13566696643829346,0.8458850383758545,0.03582483530044556,0.04891642555594444,0.39162641763687134,0.0602860264480114,0.02592003159224987,0.051539402455091476,0.008914788253605366,0.015306822024285793,0.05514504760503769,0.02217555046081543,0.028244495391845703,0.014943337067961693,0.00314082158729434,0.037763241678476334,0.00481925904750824,0.005295745097100735,0.0012289551086723804,0.008729266002774239,0.0004298730054870248,0.4128524661064148,0.002223040908575058,0.0017982680583372712,0.002417088020592928,0.0003761023690458387,0.005657206755131483,0.0011288406094536185,0.006092815659940243,0.00022627940052188933,0.008001502603292465,0.03424645587801933,0.0006729502929374576,0.0010688656475394964,0.0003441401640884578,0.009709888137876987,0.0003915252164006233,0.0007363341865129769,0.0014409661525860429,0.004154706373810768,0.009764484129846096,0.008478578180074692,0.0135472621768713,0.0010364565532654524,0.009097726084291935,0.004675482865422964,0.0006896894192323089,0.006898239720612764,0.060598235577344894,0.011362030170857906,0.1186906173825264,0.0775388553738594,0.01953439973294735,0.017753969877958298,0.01644311472773552,0.0014371145516633987,0.0039476146921515465,0.009053920395672321,0.02667207643389702,0.020996855571866035,0.00826243031769991,0.007419198285788298,0.008472430519759655
27.nii.gz,0.013699396513402462,0.0059631941840052605,0.0022390226367861032,0.0031547381076961756,0.01302777323871851,0.02186012826859951,0.019968559965491295,0.016362767666578293,0.008829701691865921,0.03160178288817406,0.022196045145392418,0.021078672260046005,0.005710911471396685,0.019949808716773987,0.009445078670978546,0.08774501830339432,0.006010090000927448,0.0059127360582351685,0.0162291768938303,0.015654928982257843,0.030184324830770493,0.02024448849260807,0.07584697753190994,0.058972906321287155,0.019917253404855728,0.30212679505348206,0.12723185122013092,0.011296698823571205,0.06700191646814346,0.041232336312532425,0.025465836748480797,0.01794576831161976,0.07042138278484344,0.09014902263879776,0.030506521463394165,0.025309119373559952,0.04729132726788521,0.33730825781822205,0.10074000060558319,0.022522445768117905,0.30175867676734924,0.06867177039384842,0.029863199219107628,0.15457451343536377,0.04010538011789322,0.0009962341282516718,0.0007279227720573545,0.0003799385449383408,9.663347009336576e-05,0.0001627390447538346,0.00042186275823041797,0.001282486249692738,0.0003385957679711282,0.0013433434069156647,0.0008133038645610213,1.7033598851412535e-05,0.00031178511562757194,0.0005640905583277345,7.897030445747077e-05,0.003445283742621541,0.0008113570511341095,0.00043523122440092266,0.00015362068370450288,0.0321161262691021,0.07111532986164093,0.021615831181406975,0.019591741263866425,0.07460092753171921,0.07794100046157837,0.07502137869596481,0.025538381189107895,0.008149230852723122,0.042373187839984894,0.020145107060670853,0.020021874457597733,0.001933337072841823,0.000741724215913564,0.025071989744901657,0.01965305395424366,0.009136784821748734,0.00488264299929142,0.007967190816998482,0.014394339174032211,0.0006012811791151762,0.03322980925440788,0.004896603524684906,0.00684459088370204,0.006082763429731131,0.004512878600507975,0.029363377019762993,0.002918325597420335,0.016641972586512566,0.0068197716027498245,0.03181001916527748,0.02118297852575779,0.01138294953852892,0.005414459854364395,0.002381483791396022,0.010723683051764965,0.011471742764115334,0.004919762257486582,0.060038626194000244,0.02618585340678692,0.02240859717130661,0.002044614404439926,0.02345973066985607,0.018513977527618408,0.02753452956676483,0.02895418554544449,0.014612587168812752,0.015429144725203514,0.01356523111462593,0.0074517508037388325,0.0029546674340963364,0.0023564212024211884,0.0035345067735761404,0.0023781133349984884,0.0036547239869832993,0.003932516556233168,0.0004726530169136822,0.003031287109479308,0.0038418646436184645,0.0317063108086586,0.08038167655467987,0.026059849187731743,0.10179547965526581,0.0866355150938034,0.07873037457466125,0.154889315366745,0.11728131026029587,0.021864263340830803,0.005053240340203047,0.0077669499441981316,0.028533166274428368,0.012723877094686031,0.0033251666463911533,0.004411032423377037,0.003952766768634319,0.009347616694867611,0.00292291771620512,0.09713470935821533,0.06956365704536438,0.04343605786561966,0.09326956421136856,0.08846428245306015,0.07076604664325714
28.nii.gz,0.0053917099721729755,0.001992841251194477,0.0014761171769350767,0.0038215401582419872,0.024335520341992378,0.06940197944641113,0.06727015972137451,0.020006664097309113,0.054732318967580795,0.01585470139980316,0.18984651565551758,0.025606371462345123,0.006479948293417692,0.011825931258499622,0.017482662573456764,0.016169097274541855,0.0025697946548461914,0.007174843456596136,0.029332390055060387,0.007630772422999144,0.9892051219940186,0.001960130175575614,0.009742707945406437,0.01217169500887394,0.014068402349948883,0.2450745552778244,0.8176818490028381,0.011406407691538334,0.01328074187040329,0.002169046550989151,0.0009046734194271266,0.015835490077733994,0.008146869018673897,0.12434348464012146,0.031403351575136185,0.017893077805638313,0.0049520935863256454,0.18284285068511963,0.0851563811302185,0.027206284925341606,0.016048036515712738,0.018284834921360016,0.0033150259405374527,0.10043301433324814,0.005161578767001629,0.0008314829901792109,0.00012405181769281626,0.0001962116512004286,2.63442489085719e-05,3.899189687217586e-05,0.00036090018693357706,0.00010590072633931413,1.481010713177966e-05,0.0007577287033200264,0.00044924780377186835,1.2750369023706298e-05,1.1969366823905148e-05,0.0018452332587912679,4.364861069916515e-06,0.08798936009407043,0.00015429376799147576,5.295496157486923e-05,3.566264422261156e-05,0.011239059269428253,0.014910404570400715,0.008513013832271099,0.006535573396831751,0.00835291389375925,0.008403408341109753,0.00838665384799242,0.001975349150598049,0.0029615021776407957,0.013284065760672092,0.0035882366355508566,0.0034176039043813944,5.15745414304547e-05,0.00012360065011307597,0.00222932081669569,0.000949308043345809,0.0005580082070082426,7.4163603130728e-05,0.0004399401950649917,0.00039144576294347644,0.00010687114263419062,0.0068778833374381065,0.0007462149951606989,0.0010368268704041839,0.021339979022741318,0.005808757618069649,0.013846677727997303,0.005201888270676136,0.0004976734053343534,0.007164989598095417,0.02589695155620575,0.04780231788754463,0.02763604186475277,0.006107497029006481,0.0013670588377863169,0.24293357133865356,0.0015737953362986445,0.0019242319976910949,0.001180094201117754,0.002586603397503495,0.0005194578552618623,0.6630986928939819,0.001407064264640212,0.0010906766401603818,0.0012044538743793964,0.0005748288822360337,0.0037509563844650984,0.0004716332186944783,0.002200673334300518,0.00014057486259844154,0.002803791780024767,0.00866794679313898,0.0007496935431845486,0.0002576475089881569,0.00028730215854011476,0.0016488567925989628,0.00015471364895347506,0.0009418408735655248,0.002064912114292383,0.0009301379905082285,0.005271445959806442,0.1652173399925232,0.004768917802721262,0.001450710347853601,0.004787125624716282,0.0015584803186357021,0.0013303750893101096,0.003908707294613123,0.004804692696779966,0.003592779627069831,0.00776384212076664,0.001650461694225669,0.0021262839436531067,0.0018652512226253748,0.0015591245610266924,0.0004114915500395,0.0004745513142552227,0.020143380388617516,0.004994883202016354,0.052735839039087296,0.01868138648569584,0.017017491161823273,0.03528968617320061
29.nii.gz,0.016741711646318436,0.009082955308258533,0.005808688700199127,0.012121072970330715,0.016583967953920364,0.07427063584327698,0.07134632766246796,0.10495521128177643,0.0823126956820488,0.807713508605957,0.18643927574157715,0.77561354637146,0.02394004352390766,0.7841463088989258,0.01864878460764885,0.8554686903953552,0.028442179784178734,0.024570414796471596,0.7660412788391113,0.2833040654659271,0.04910203814506531,0.7879374027252197,0.8612383604049683,0.8110738396644592,0.13760368525981903,0.8620795607566833,0.2501419484615326,0.818436861038208,0.6879555583000183,0.8135752081871033,0.9040558934211731,0.2791973650455475,0.8878318071365356,0.11254251003265381,0.31297123432159424,0.7095559239387512,0.8792291283607483,0.09026473015546799,0.12627136707305908,0.8338587284088135,0.023166857659816742,0.015675093978643417,0.04544494301080704,0.3175758719444275,0.06653250753879547,0.0008623931789770722,0.0012807692401111126,0.0001576225331518799,3.992752681369893e-05,6.621718785027042e-05,0.00031412005773745477,0.0004103133105672896,5.606326158158481e-05,0.0007559349178336561,0.0008373037562705576,1.0909951924986672e-05,4.9977737944573164e-05,0.0009858012199401855,1.2321841495577246e-05,0.0015841374406591058,0.0010349478106945753,8.628133218735456e-05,5.7754437875701115e-05,0.0254477821290493,0.0392942801117897,0.013735291548073292,0.011989855207502842,0.03633418306708336,0.034645624458789825,0.03652273491024971,0.0068424418568611145,0.004942563362419605,0.029435379430651665,0.024251075461506844,0.023855768144130707,0.005473540164530277,0.004677091725170612,0.03864804655313492,0.0066302684135735035,0.07303580641746521,0.011639058589935303,0.06638117134571075,0.00912261102348566,0.0030482697766274214,0.1525673270225525,0.007785480935126543,0.009609597735106945,0.007489752024412155,0.003973007667809725,0.012618211098015308,0.003598906099796295,0.002547316486015916,0.002481164876371622,0.11472269147634506,0.04211537912487984,0.015318289399147034,0.005214567296206951,0.0012912872480228543,0.03750402480363846,0.0042664660140872,0.002694270573556423,0.006326418370008469,0.007933970540761948,0.00048129018978215754,0.001730906660668552,0.0021134756971150637,0.0009669960709288716,0.0028196992352604866,0.0002531443315092474,0.013121036812663078,0.0010954379104077816,0.005541522521525621,0.0007808469235897064,0.0029445562977343798,0.0038702553138136864,0.004596278071403503,0.0006980972830206156,0.004416956566274166,0.004435840994119644,0.0005303776124492288,0.005667848978191614,0.009684821590781212,0.0033969497308135033,0.015416676178574562,0.12772957980632782,0.02472713403403759,0.009142473340034485,0.014739234000444412,0.05092020332813263,0.015570505522191525,0.004044853150844574,0.3529920279979706,0.05059145390987396,0.06085234135389328,0.05850124731659889,0.08758794516324997,0.0929432287812233,0.006051677279174328,0.0006390284979715943,0.0018650309648364782,0.01201362069696188,0.011310683563351631,0.012030152603983879,0.011044730432331562,0.010008854791522026,0.0110378572717309
3.nii.gz,0.005243855994194746,0.002011376665905118,0.001690391218289733,0.00439683860167861,0.020394081249833107,0.018296286463737488,0.016939576715230942,0.29568052291870117,0.05289255455136299,0.4596495032310486,0.04577214643359184,0.2117416113615036,0.01669367216527462,0.3004938066005707,0.018222084268927574,0.8488327860832214,0.022335384041070938,0.017622269690036774,0.11828618496656418,0.09220966696739197,0.002217627130448818,0.6657214164733887,0.2353506088256836,0.8030743598937988,0.03514246642589569,0.15107131004333496,0.028584573417901993,0.7753437161445618,0.6295371651649475,0.6779919862747192,0.564128041267395,0.3708175718784332,0.6163755655288696,0.12353822588920593,0.3163754343986511,0.6621015667915344,0.6057732701301575,0.06503020972013474,0.14417998492717743,0.7992475628852844,0.1438712477684021,0.11081710457801819,0.03511090949177742,0.10447689890861511,0.05765708535909653,0.0005848237778991461,0.0002779286587610841,6.275770283536986e-05,1.835347939049825e-05,2.9562055715359747e-05,0.00016448882524855435,0.0001704835012787953,1.4963988178351428e-05,0.0003702375979628414,0.0008855939959175885,4.692198217526311e-06,1.2139038517489098e-05,0.000626467342954129,4.305311904317932e-06,0.0003737911465577781,0.0002775412576738745,4.260117202647962e-05,2.581646549515426e-05,0.02171936444938183,0.026584574952721596,0.01569959707558155,0.014470180496573448,0.011771523393690586,0.012617231346666813,0.011761968955397606,0.0052198185585439205,0.0067280917428433895,0.0205050278455019,0.006675615906715393,0.006254151463508606,0.0004585299175232649,0.00040698086377233267,0.0048677958548069,0.0022882551420480013,0.0022575436159968376,0.00042319195927120745,0.0018854289082810283,0.001704127644188702,0.00032453544554300606,0.006933944299817085,0.0010343780741095543,0.0017155396053567529,0.05062411352992058,0.018692394718527794,0.005842992570251226,0.012622691690921783,0.009030472487211227,0.002669963287189603,0.06089973822236061,0.036971159279346466,0.02949575148522854,0.012366557493805885,0.003162871580570936,0.05863938480615616,0.003317799884825945,0.002863457193598151,0.0037681336980313063,0.003761991625651717,0.00045204971684142947,0.01536492258310318,0.0017694075359031558,0.0017299734754487872,0.0016887440579012036,0.0005491488263942301,0.0028908546082675457,0.0009015824762172997,0.0043226187117397785,0.0002150240179616958,0.002080866601318121,0.002056444762274623,0.0026189961936324835,0.000846418144647032,0.0016650075558573008,0.006820103153586388,0.0005061624106019735,0.0028943882789462805,0.007223593536764383,0.002559782238677144,0.0569637194275856,0.059604987502098083,0.13596054911613464,0.014022772200405598,0.05426681041717529,0.3418510854244232,0.05664185807108879,0.009126788936555386,0.017160624265670776,0.015220615081489086,0.005560121964663267,0.001698193489573896,0.006080420687794685,0.008720052428543568,,,,0.013999322429299355,0.046813756227493286,0.02661469206213951,0.012890011072158813,0.011692160740494728,0.006949222646653652
30.nii.gz,0.44154128432273865,0.31050905585289,0.6591315865516663,0.6520787477493286,0.14920108020305634,0.09384870529174805,0.09256242215633392,0.11152385920286179,0.052716974169015884,0.015044622123241425,0.490364670753479,0.028629234060645103,0.006089801900088787,0.015050606802105904,0.005200321786105633,0.05970586836338043,0.012342696078121662,0.006238660309463739,0.10371814668178558,0.034312594681978226,0.13125383853912354,0.02111734263598919,0.047203488647937775,0.04695259407162666,0.017166361212730408,0.055880289524793625,0.2267116755247116,0.0012285385746508837,0.030210843309760094,0.07550102472305298,0.05531122907996178,0.018613487482070923,0.11854425072669983,0.1148705780506134,0.03235829621553421,0.016051817685365677,0.09036966413259506,0.23436248302459717,0.1604718565940857,0.002753020729869604,0.13699521124362946,0.21156641840934753,0.03033895045518875,0.37490108609199524,0.08820655196905136,0.020022757351398468,0.0026911920867860317,0.017256315797567368,0.006023341324180365,0.008982779458165169,0.00845238659530878,0.006787195801734924,0.04397526755928993,0.14970847964286804,0.017407452687621117,0.0009947968646883965,0.028649086132645607,0.017274457961320877,0.0024816757068037987,0.10278456658124924,0.016624867916107178,0.0032437890768051147,0.007666734047234058,0.22816406190395355,0.7634432911872864,0.03436576575040817,0.03475926071405411,0.6189155578613281,0.6405653357505798,0.6156328916549683,0.071041539311409,0.014207939617335796,0.22425155341625214,0.05023225396871567,0.05450719967484474,0.735313355922699,0.9943430423736572,0.07495716214179993,0.5857709646224976,0.4927036762237549,0.22093510627746582,0.5597452521324158,0.09448716044425964,0.9990164041519165,0.07370484620332718,0.19199229776859283,0.18805938959121704,0.20026586949825287,0.09331962466239929,0.08968576043844223,0.04652971774339676,0.08889278024435043,0.08958116173744202,0.06137355789542198,0.29121851921081543,0.1463230550289154,0.01993512734770775,0.02138679474592209,0.2847746014595032,0.7307773232460022,0.5756986737251282,0.43298840522766113,0.7796163558959961,0.671296238899231,0.5314507484436035,0.4955037236213684,0.10455283522605896,0.4176170825958252,0.15773119032382965,0.17848196625709534,0.30184245109558105,0.7390735149383545,0.556110143661499,0.08741391450166702,0.081608846783638,0.032192423939704895,0.07773453742265701,0.04146456718444824,0.21442846953868866,0.3929601013660431,0.03275151923298836,0.039541516453027725,0.22590194642543793,0.32863935828208923,0.04692345857620239,0.30514562129974365,0.7845807075500488,0.33924609422683716,0.8233801126480103,0.9503031373023987,0.1657741516828537,0.028147777542471886,0.08284749835729599,0.055332161486148834,0.025186358019709587,0.008390691131353378,0.01183539628982544,0.34583625197410583,0.19988301396369934,0.29088568687438965,0.08911430835723877,0.0877712219953537,0.03201884776353836,0.08552591502666473,0.08132283389568329,
31.nii.gz,0.0034287453163415194,0.0014489429304376245,0.0020827886182814837,0.004516286309808493,0.019970905035734177,0.012428687885403633,0.01161718275398016,0.012368625961244106,0.02451695315539837,0.005627700127661228,0.010831402614712715,0.012628712691366673,0.001262955367565155,0.01148218009620905,0.0014142630388960242,0.026845483109354973,0.0014551108470186591,0.0013654642971232533,0.013010389171540737,0.00285705435089767,0.009679445065557957,0.003176606260240078,0.0026017732452601194,0.017097027972340584,0.002696738112717867,0.010708254761993885,0.016112541779875755,0.012555752880871296,0.022529689595103264,0.024238990619778633,0.006081475410610437,0.02092542126774788,0.04124563932418823,0.20741482079029083,0.047682277858257294,0.03743608295917511,0.02371367998421192,0.070918507874012,0.053101763129234314,0.04205719009041786,0.017105499282479286,0.00274092610925436,0.00849082600325346,0.051694605499506,0.013327161781489849,0.011320478282868862,0.0059938374906778336,0.38859832286834717,0.6737168431282043,0.6495051980018616,0.007652265951037407,0.0003760442778002471,0.00010791612294269726,0.0014779663179069757,0.01645836979150772,0.11490175873041153,5.5454755056416616e-05,0.004873592872172594,0.00020465087436605245,0.0026232916861772537,0.0007491293945349753,0.0017581392312422395,0.2863445281982422,0.00903044268488884,0.010400145314633846,0.009395953267812729,0.007151390425860882,0.004812125116586685,0.0067939143627882,0.004816533997654915,0.0014751546550542116,0.007978825829923153,0.01027648150920868,0.002049987204372883,0.002030088799074292,5.250956382951699e-05,0.00012638115731533617,0.0031664336565881968,0.0012035388499498367,0.0004979509976692498,4.450693086255342e-05,0.00040017178980633616,0.0001805204665288329,0.00011478694068500772,0.0014131752541288733,0.00025205762358382344,0.0003955182619392872,0.051499415189027786,0.014868739061057568,0.02068960852921009,0.004349178168922663,0.010836721397936344,0.007637220900505781,0.1107911765575409,0.00732231792062521,0.5827528834342957,0.008164376020431519,0.0026530390605330467,0.007985596545040607,0.002464549383148551,0.002042582258582115,0.013647306710481644,0.005957314744591713,0.0005239916499704123,0.020238790661096573,0.0023787030950188637,0.002373955212533474,0.0018927159253507853,0.0007885157247073948,0.000294193800073117,0.0009593547438271344,0.0032434314489364624,0.00013453567225951701,0.0019169989973306656,0.004952145740389824,0.0006813096697442234,0.0004548463621176779,0.0002608307113405317,0.005952251143753529,0.00023771051201038063,0.0006842296570539474,0.0018199795158579946,0.0028999228961765766,0.2772979736328125,0.053713973611593246,0.7865784764289856,0.15848518908023834,0.27664658427238464,0.8026532530784607,0.06178424134850502,0.025972502306103706,0.01233239471912384,0.0024925225879997015,0.008218464441597462,0.0018122403416782618,0.004599060397595167,0.004847447853535414,0.17105695605278015,0.007356605958193541,0.10033713281154633,0.6524815559387207,0.1544024646282196,0.06099100410938263,0.6543441414833069,0.6542176008224487,0.003952124621719122
32.nii.gz,0.022918440401554108,0.009261272847652435,0.013229219242930412,0.016583438962697983,0.23105105757713318,0.013437620364129543,0.012464183382689953,0.09766694903373718,0.1828513741493225,0.001633310574106872,0.016014540567994118,0.0015630637062713504,0.002365410327911377,0.000883215107023716,0.0018387677846476436,0.006487363483756781,0.004539258778095245,0.0023127440363168716,0.007732548750936985,0.004633838310837746,0.019130514934659004,0.002955645089969039,0.002884196350350976,0.005049025174230337,0.004785921424627304,0.003140313783660531,0.01103681605309248,0.008104866370558739,0.10886427015066147,0.047496967017650604,0.014946531504392624,0.18026621639728546,0.04534444957971573,0.2977609634399414,0.12231020629405975,0.05157353729009628,0.036252543330192566,0.15869306027889252,0.1892361044883728,0.019993895664811134,0.13837291300296783,0.04354321211576462,0.05050680413842201,0.27267593145370483,0.12195498496294022,0.0039551821537315845,0.007875772193074226,0.045363154262304306,0.04552975669503212,0.05555730685591698,0.003251452697440982,0.0032265675254166126,0.002580407075583935,0.003785135457292199,0.003536500968039036,0.0055367532186210155,0.0023110227193683386,0.0012891872320324183,0.011001918464899063,0.0052518220618367195,0.005328373052179813,0.004715208895504475,0.03178252652287483,,,,,,,,,,,0.002810877515003085,0.0028713687788695097,0.0024139853194355965,0.0010121684754267335,0.004981475416570902,0.009412407875061035,0.0014112144708633423,0.0010173191549256444,0.0012916186824440956,0.004551099147647619,0.000996220507659018,0.0019266126910224557,0.009218677878379822,0.010463051497936249,0.01530756987631321,0.011936868540942669,0.028830941766500473,0.005744696129113436,0.021057143807411194,0.012786799110472202,0.4335852861404419,0.040667954832315445,0.27069225907325745,0.3457358479499817,0.3354913890361786,0.08506307005882263,0.022280238568782806,0.013988281600177288,0.02629532292485237,0.025748062878847122,0.005615479312837124,0.00704535748809576,0.016685646027326584,0.017070507630705833,0.02249169908463955,0.017961589619517326,0.03545467182993889,0.018286189064383507,0.023540867492556572,0.0009569100220687687,0.04833066463470459,0.013023806735873222,0.288609117269516,0.2071232944726944,0.1633543223142624,0.101803719997406,0.009651243686676025,0.25827285647392273,0.42641133069992065,0.018934007734060287,,,,,,,,,,,,,,,0.11353570222854614,0.7637642621994019,0.1516534686088562,,,,,,0.001136407139711082
33.nii.gz,0.21006639301776886,0.09544773399829865,0.15309368073940277,0.2077164202928543,0.12879447638988495,0.04149876907467842,0.03957682475447655,0.27424123883247375,0.31323230266571045,0.016810035333037376,0.6556986570358276,0.006371309049427509,0.005174035206437111,0.0037651921156793833,0.008577229455113411,0.3098300099372864,0.008385776542127132,0.005613090470433235,0.02373737096786499,0.02537369541823864,0.017941508442163467,0.09811565279960632,0.05705094709992409,0.23608626425266266,0.010311691090464592,0.03720547631382942,0.165068119764328,0.018944742158055305,0.17874261736869812,0.2427905648946762,0.12958557903766632,0.042441412806510925,0.193086639046669,0.09697389602661133,0.06378014385700226,0.05329083278775215,0.16466347873210907,0.0996888130903244,0.33033353090286255,0.024817893281579018,0.02298688143491745,0.14530611038208008,0.028983959928154945,0.1616925299167633,0.03269561380147934,0.00103056151419878,0.00048229011008515954,0.0002161325392080471,6.182981451274827e-05,9.347016020910814e-05,0.0005053156637586653,0.00020721777400467545,2.881276304833591e-05,0.0009335516951978207,0.0008166767074726522,1.5738012734800577e-05,2.0785448214155622e-05,0.0013745335163548589,5.673300620401278e-06,0.0011240488383919,9.951191168511286e-05,0.00011254843411734328,7.967195415403694e-05,0.02246914803981781,0.021416863426566124,0.01928173005580902,0.014656780287623405,0.004562602378427982,0.008564081974327564,0.004531276877969503,0.004537966568022966,0.021990962326526642,0.01707480661571026,0.007958071306347847,0.008012471720576286,0.00019605812849476933,0.0003743658307939768,0.007270922884345055,0.0076861996203660965,0.0010805632919073105,0.00021911611838731915,0.0008947614696808159,0.0011797116603702307,0.0004142290272284299,0.008033882826566696,0.0021483825985342264,0.0030873827636241913,0.11829824000597,0.073118194937706,0.04729422181844711,0.0271188635379076,0.002650388516485691,0.036548834294080734,0.024065641686320305,0.0266017634421587,0.015645822510123253,0.008993185125291348,0.001963040791451931,0.02396879531443119,0.002962572267279029,0.0023403738159686327,0.0018442947184666991,0.0041745733469724655,6.850317004136741e-05,0.019419094547629356,0.0007009690161794424,0.001145893125794828,0.0008781205979175866,9.536716243019328e-05,0.0024472440127283335,0.0006052894750609994,0.003969199489802122,3.9916678360896185e-05,0.004499370697885752,0.006237150169909,0.002048876602202654,0.0008751628338359296,0.00041395844891667366,0.0059983315877616405,0.001163062290288508,0.002529975026845932,0.004250086843967438,0.0042694928124547005,0.0025532077997922897,0.0032227295450866222,0.004389416426420212,0.0005132970400154591,0.0023994571529328823,0.001976259285584092,0.0003875056572724134,0.00623050332069397,,,,,,,0.0026106741279363632,0.0033641832415014505,0.0009462941088713706,0.02143998257815838,0.043019622564315796,0.032527755945920944,0.019904863089323044,0.018247026950120926,
34.nii.gz,0.09655850380659103,0.03642742708325386,0.01364926528185606,0.01975565403699875,0.1246403306722641,0.014806406572461128,0.013818622566759586,0.4345110058784485,0.17060454189777374,0.16918762028217316,0.13012497127056122,0.11026515066623688,0.00811038538813591,0.09444356709718704,0.006868002004921436,0.5357181429862976,0.01429933775216341,0.008134094066917896,0.2867755591869354,0.056824252009391785,0.025321701541543007,0.4059669077396393,0.16612687706947327,0.4787505269050598,0.02807542495429516,0.039999671280384064,0.04051196202635765,0.19066661596298218,0.3091719448566437,0.8181003332138062,0.8125926852226257,0.15487466752529144,0.820547878742218,0.08204329758882523,0.23706568777561188,0.36076876521110535,0.7979981899261475,0.016875028610229492,0.026130706071853638,0.2252589464187622,0.20577098429203033,0.4621640741825104,0.031433939933776855,0.11376296728849411,0.06481747329235077,0.04685172811150551,0.6322046518325806,0.0338173508644104,0.023014578968286514,0.035129252821207047,0.02642112225294113,0.26022273302078247,0.18753448128700256,0.01872820407152176,0.07993853092193604,0.006944810971617699,0.2273106724023819,0.02448541857302189,0.17193655669689178,0.00856318324804306,0.42751970887184143,0.03172678127884865,0.036932263523340225,0.281059205532074,0.4408549964427948,0.0992245152592659,0.08605188131332397,0.1376316100358963,0.2084771692752838,0.13543498516082764,0.0866241604089737,0.08797544986009598,0.18228350579738617,,,,,,,,,,,,,,,,,,,,,0.5126875638961792,0.16297151148319244,0.24667075276374817,0.0091477669775486,0.005361037794500589,0.004982274025678635,0.00981955323368311,0.007688574958592653,0.02531595341861248,0.017835645005106926,0.012441255152225494,0.004224203526973724,0.030458638444542885,0.028895597904920578,0.029990985989570618,0.024686064571142197,0.11499907076358795,0.012863130308687687,0.012363804504275322,0.004068139940500259,,,,,,,,,,,0.14007556438446045,0.16015775501728058,0.16071923077106476,0.5845465064048767,0.1426379233598709,0.5867595672607422,0.4375552833080292,0.03878229856491089,,,,,,,,,,0.11394239217042923,0.054493729025125504,0.03607875853776932,0.11001479625701904,0.10573940724134445,
35.nii.gz,0.40036386251449585,0.2899504601955414,0.4844186305999756,0.5132609605789185,0.02549583837389946,0.09944579005241394,0.09659376740455627,0.012073220685124397,0.03906962648034096,0.07084275037050247,0.05183454602956772,0.21571087837219238,0.08363812416791916,0.3417121171951294,0.25509634613990784,0.06528976559638977,0.03553668409585953,0.0879441648721695,0.352216511964798,0.028318822383880615,0.012686396948993206,0.04889191687107086,0.028184037655591965,0.0687350407242775,0.053395580500364304,0.0036177628207951784,0.007307566702365875,0.022170351818203926,0.05641894042491913,0.0653243362903595,0.030107932165265083,0.04284738376736641,0.09615344554185867,0.2500726878643036,0.07082473486661911,0.1538924276828766,0.06875980645418167,0.10497374832630157,0.026664992794394493,0.06884165108203888,0.46813493967056274,0.11057892441749573,0.8878617882728577,0.9897827506065369,0.965813934803009,0.004425377119332552,0.02283506467938423,0.9688258767127991,0.9957535266876221,0.9937212467193604,0.006728108040988445,0.005317955277860165,0.04851007089018822,0.002221678150817752,0.0025896774604916573,0.7913355827331543,0.05042572692036629,0.0019473345018923283,0.022644076496362686,0.005869939457625151,0.00585809675976634,0.0012756960932165384,0.9464208483695984,0.06004747375845909,0.12923240661621094,0.07607638090848923,0.04531240090727806,0.016152318567037582,0.041037581861019135,0.015952734276652336,0.016425326466560364,0.028200911357998848,0.07490256428718567,0.003625796874985099,0.003688056254759431,0.0004925564280711114,0.00018889395869337022,0.005270212888717651,0.0012919576838612556,0.0002900396939367056,9.028625208884478e-05,0.00024965062038972974,0.0004773567197844386,0.00021410219778772444,0.00042871510959230363,0.0006312101031653583,0.0009360575350001454,0.010041853412985802,0.0038192986976355314,0.0037632302846759558,0.0013420627219602466,0.003777729347348213,0.002726804930716753,0.859234094619751,0.06419561803340912,0.8624206781387329,0.022518590092658997,0.013006079010665417,0.026421478018164635,0.7168214917182922,0.6082558631896973,0.46902427077293396,0.6796773672103882,0.13219615817070007,0.0022786862682551146,0.23057545721530914,0.0849815085530281,0.3261337876319885,0.14609640836715698,0.058542098850011826,0.6319583058357239,0.6884819865226746,0.10249269008636475,0.004700222983956337,0.010636897757649422,0.002610760973766446,0.0008978063706308603,0.000858807354234159,0.0075915115885436535,0.0004666396707762033,0.002516712062060833,0.004406430292874575,0.008682011626660824,0.2052621692419052,0.06422656774520874,0.27921274304389954,0.6980920433998108,0.22513583302497864,0.9735490679740906,0.6121522188186646,0.05071710795164108,0.011677579022943974,0.011073476634919643,0.019769346341490746,0.006347845308482647,0.0054391720332205296,0.007429385092109442,0.8686597347259521,0.45636671781539917,0.8850660920143127,0.9694618582725525,0.6969749927520752,0.6292238831520081,0.9712068438529968,0.9727383852005005,0.0067533524706959724
36.nii.gz,0.09173464775085449,0.03776416927576065,0.026457589119672775,0.02910088747739792,0.04621047526597977,0.008371170610189438,0.00783718004822731,0.07875557243824005,0.08316503465175629,0.0033893755171447992,0.08226334303617477,0.0032573877833783627,0.0013550653820857406,0.0019780206494033337,0.001190686016343534,0.03978288918733597,0.0033697050530463457,0.001376998028717935,0.01616288535296917,0.00914838258177042,0.00489419512450695,0.010864809155464172,0.005153918173164129,0.030238445848226547,0.004016714636236429,0.007884640246629715,0.02780500054359436,0.0010653065983206034,0.01162860356271267,0.008323434740304947,0.0033651008270680904,0.007523124571889639,0.013704190962016582,0.08055299520492554,0.014387426897883415,0.0067595792934298515,0.009286095388233662,0.16377070546150208,0.10465075075626373,0.0027581704780459404,0.07364670932292938,0.06859380006790161,0.02334703505039215,0.12403793632984161,0.032932348549366,0.23793047666549683,0.011163157410919666,0.008352748118340969,0.0063647739589214325,0.007737236097455025,0.33547133207321167,0.02054477483034134,0.005387027747929096,0.0025643494445830584,0.4600033760070801,0.06425416469573975,0.005566698499023914,0.43760618567466736,0.12029631435871124,0.022455044090747833,0.8422261476516724,0.6074826717376709,0.02020782046020031,0.03163640573620796,0.037844397127628326,0.024724483489990234,0.021094100549817085,0.01294595468789339,0.01638909988105297,0.012894519604742527,0.015621437691152096,0.0070333885960280895,0.02960241213440895,0.005268956068903208,0.005529810208827257,0.009909192100167274,0.006496906746178865,0.008287380449473858,0.018281621858477592,0.05836258456110954,0.02128506638109684,0.06324461847543716,0.006754432804882526,0.004377410747110844,0.002039350802078843,0.010020210407674313,0.01238328404724598,0.025475140661001205,0.01941020041704178,0.014203452505171299,0.01016605831682682,0.03537104278802872,0.011038286611437798,0.12560604512691498,0.021284908056259155,0.051866721361875534,0.014555038884282112,0.005009328946471214,0.04250124841928482,0.0035395408049225807,0.0026606277097016573,0.019976645708084106,0.003571744542568922,0.00040468244696967304,0.039714422076940536,0.0013807215727865696,0.0025093320291489363,0.0010256896493956447,0.0008143577142618597,0.0007843139464966953,0.0010439790785312653,0.004735032096505165,8.548823825549334e-05,0.004747616592794657,0.004744429606944323,0.0017269537784159184,0.003137413412332535,0.0013001220067963004,0.005277707707136869,0.0005456431536003947,0.001650208723731339,0.0034696469083428383,0.0068907965905964375,0.006757466588169336,0.01086405012756586,0.012011955492198467,0.004881065804511309,0.006495441310107708,0.02799036353826523,0.0028805467300117016,0.008592002093791962,,,,,,,0.00807870738208294,0.00962850358337164,0.005111823324114084,0.011828701011836529,0.017241401597857475,0.024288740009069443,0.01086677610874176,0.009861591272056103,
37.nii.gz,0.020814478397369385,0.005022531840950251,0.02118576690554619,0.05194510892033577,0.008598593063652515,0.8850856423377991,0.888836681842804,0.01866150088608265,0.02840965799987316,0.12827904522418976,0.2579192519187927,0.05094579979777336,0.004346315283328295,0.020317835733294487,0.00043247785652056336,0.06258454918861389,0.01936405524611473,0.004277095198631287,0.1213565468788147,0.06524979323148727,0.1999494731426239,0.051520735025405884,0.05920647829771042,0.060182835906744,0.028496049344539642,0.18657882511615753,0.15808208286762238,0.004866200499236584,0.006882955320179462,0.02483484521508217,0.008858606219291687,0.007580895908176899,0.041595857590436935,0.25877541303634644,0.04377899318933487,0.02404613234102726,0.028920669108629227,0.017851095646619797,0.002964091021567583,0.012248709797859192,0.06105750799179077,0.08213570713996887,0.02821684069931507,0.17776216566562653,0.03262556716799736,0.003003586083650589,0.0007429732941091061,0.0005498391110450029,0.00013071057037450373,0.00018202072533313185,0.0007529656868427992,7.499697676394135e-05,1.058279167409637e-06,0.0017248884541913867,0.003165836213156581,9.340999895357527e-06,5.685968744728598e-07,0.0019860004540532827,6.887071322125848e-07,0.016939710825681686,4.116000854992308e-05,0.0003397170512471348,0.0001210171976708807,0.022032301872968674,0.01914684846997261,0.018449842929840088,0.01344495452940464,0.009486479684710503,0.009166988544166088,0.00951303169131279,0.0038927404675632715,0.0076353345066308975,0.023655671626329422,0.043400391936302185,0.044866349548101425,6.180164200486615e-05,0.00022085280215833336,0.017869314178824425,0.014132031239569187,0.0013104198733344674,0.00015108413936104625,0.0009124733624048531,0.0011165379546582699,0.00031193759059533477,0.00967641081660986,0.0033436757512390614,0.004974961280822754,0.08553862571716309,0.022050464525818825,0.012871349230408669,0.008021185174584389,0.006425113417208195,0.016273926943540573,0.05702226236462593,0.031989652663469315,0.05946176126599312,0.007414707913994789,0.0032040500082075596,0.005138319451361895,0.0044060684740543365,0.004264260176569223,0.003077886765822768,0.0038755787536501884,4.445026206667535e-05,0.12210188060998917,0.000785313022788614,0.0016703351866453886,0.0007400900358334184,0.00012640932982321829,0.0015724144177511334,0.000730394443962723,0.00578944431617856,8.289687684737146e-06,0.004873884841799736,0.017538487911224365,0.0007251038332469761,0.00029430040740408003,0.00014674858539365232,0.002679481403902173,0.00022437656298279762,0.0007070073625072837,0.0007401916082017124,0.006505224853754044,0.018348945304751396,0.010833211243152618,0.014439001679420471,0.007521112449467182,0.017497502267360687,0.007408542092889547,0.002267107367515564,0.005419700872153044,0.006492850836366415,0.01888829655945301,0.1010865867137909,0.037460148334503174,0.009935789741575718,0.011219977401196957,0.01395288947969675,0.002429627114906907,0.006516590248793364,0.034375641494989395,0.29522034525871277,0.4440838396549225,0.03202914074063301,0.029354020953178406,0.017897669225931168
38.nii.gz,0.004795068874955177,0.002067422028630972,0.0019880542531609535,0.00651378883048892,0.01357354037463665,0.047095246613025665,0.04554658383131027,0.04013805836439133,0.056453172117471695,0.01016042660921812,0.00731540285050869,0.021736260503530502,0.004768332000821829,0.02965940721333027,0.026851246133446693,0.03307824581861496,0.0013290389906615019,0.00540084857493639,0.013762065209448338,0.0016186429420486093,0.021858960390090942,0.0023741540499031544,0.005788401700556278,0.019215412437915802,0.004795658402144909,0.03687584400177002,0.055693142116069794,0.041429273784160614,0.035618022084236145,0.011725135147571564,0.004551624413579702,0.038475025445222855,0.030900491401553154,0.09176372736692429,0.05469997972249985,0.0541611947119236,0.018987301737070084,0.0701565369963646,0.06237326189875603,0.09602710604667664,0.049306582659482956,0.08410976082086563,0.013374729081988335,0.06645113229751587,0.024374419823288918,0.0003581684723030776,0.00011791819270001724,0.00010560223017819226,3.619162816903554e-05,5.0660026317927986e-05,0.00014192480011843145,6.255013431655243e-05,1.1399632967368234e-05,0.0003292779147159308,0.0003716774517670274,8.871854333847295e-06,8.722090569790453e-06,0.0007670906488783658,1.4976861848481349e-06,0.00048122202861122787,4.603546767611988e-05,1.1387875929358415e-05,3.387272226973437e-05,0.016283446922898293,0.01804392598569393,0.012351436540484428,0.010052121244370937,0.009366396814584732,0.009876805357635021,0.009368188679218292,0.0027213178109377623,0.007416621316224337,0.016796598210930824,0.07286341488361359,0.07833842933177948,0.00044730305671691895,0.0009362748241983354,0.06399526447057724,0.005184715148061514,0.0038552170153707266,0.0008806712576188147,0.0030915343668311834,0.00482514500617981,0.0007048730039969087,0.00562288286164403,0.0034353453665971756,0.005047882441431284,0.042135387659072876,0.011710467748343945,0.012465310283005238,0.012673437595367432,0.0024120593443512917,0.006728051230311394,0.04571601748466492,0.011487971991300583,0.029589051380753517,0.012565943412482738,0.002852142322808504,0.07188884168863297,0.0011401745723560452,0.0009283897816203535,0.0010884787188842893,0.0016469932161271572,7.568561704829335e-05,0.022880878299474716,0.0005532276700250804,0.0007744627655483782,0.0005624541663564742,0.00014302987256087363,0.0027714043390005827,0.000314017670461908,0.0016712601063773036,3.0348190193763003e-05,0.004895802121609449,0.030600477010011673,0.00043789338087663054,0.0004636536177713424,0.00030664040241390467,0.0052350289188325405,0.00034508618409745395,0.0005156730185262859,0.0012838158290833235,0.0018370557809248567,0.005189553368836641,0.009961631149053574,0.008840006776154041,0.0009731209720484912,0.004944638814777136,0.06821572780609131,0.001993025653064251,0.0036201009061187506,0.05972985550761223,0.008391056209802628,0.06133511662483215,0.021624770015478134,0.01056753657758236,0.012640561908483505,0.04170120507478714,0.0006953043048270047,0.006849019788205624,0.02293698862195015,0.0076850103214383125,0.011708150617778301,0.021369121968746185,0.01962512731552124,0.02942548878490925
39.nii.gz,0.18185770511627197,0.08208856731653214,0.3286040723323822,0.46131041646003723,0.016232473775744438,0.025272831320762634,0.024651285260915756,0.011055867187678814,0.013307029381394386,0.0006270123994909227,0.02475421316921711,0.0024161257315427065,0.0003048166399821639,0.0008452908950857818,0.00034829197102226317,0.011969915591180325,0.00034825215698219836,0.0003306207654532045,0.02377694845199585,0.0006743717240169644,0.31393197178840637,0.0007438120082952082,0.0032326492946594954,0.006042136810719967,0.001107886084355414,0.019897403195500374,0.1979055106639862,0.0004487438127398491,0.0037198152858763933,0.006396946497261524,0.004226924851536751,0.001178169040940702,0.02759065479040146,0.0803489163517952,0.0059320079162716866,0.006533452775329351,0.016853151842951775,0.10931720584630966,0.01957225613296032,0.0029540942050516605,0.09060362726449966,0.05207853019237518,0.09638307988643646,0.44479721784591675,0.0694882720708847,0.007852300070226192,0.03249174728989601,0.03164616972208023,0.019409405067563057,0.021536096930503845,0.002516142325475812,0.003978951834142208,0.009741021320223808,0.015274807810783386,0.00891033560037613,0.00015450475621037185,0.007505591958761215,0.010257060639560223,0.00020207242050673813,0.028837036341428757,0.0008071339689195156,0.00022758691920898855,0.008691436611115932,0.062469955533742905,0.04890277236700058,0.020855190232396126,0.013625141233205795,0.07452096045017242,0.05721113830804825,0.07497713714838028,0.002991533139720559,0.01885228604078293,0.06271950155496597,0.22677478194236755,0.23250997066497803,0.0017025491688400507,0.007273891009390354,0.13735182583332062,0.12432123720645905,0.0030450124759227037,0.001624974189326167,0.002217464614659548,0.03041778691112995,0.010905983857810497,0.10306935757398605,0.01337994635105133,0.017242679372429848,0.16143660247325897,0.05768518149852753,0.10025565326213837,0.019983064383268356,0.009882500395178795,0.03666841611266136,0.5798157453536987,0.036570481956005096,0.8117600083351135,0.005193273536860943,0.001338939880952239,0.06756468862295151,0.005892333574593067,0.0059290481731295586,0.0032296390272676945,0.010638538748025894,0.002037128433585167,0.00987604446709156,0.011065813712775707,0.0074031297117471695,0.01593191549181938,0.003583818906918168,0.17660090327262878,0.006744688842445612,0.007444337476044893,0.0016500971978530288,0.003790805581957102,0.01997670903801918,0.00041526032146066427,0.00018739444203674793,0.0001750785595504567,0.0025986158289015293,0.00026048204745166004,0.00042241200571879745,0.00045882698032073677,0.010039625689387321,0.22176168859004974,0.02248850092291832,0.12874454259872437,0.3649982810020447,0.23481008410453796,0.9654117822647095,0.450120210647583,0.03454534709453583,0.022267034277319908,0.013942791149020195,0.06999942660331726,0.022549405694007874,0.001850212924182415,0.0018650514539331198,0.46977928280830383,0.046620581299066544,0.3303559422492981,0.8019875288009644,0.4262426793575287,0.9432708024978638,0.8046956658363342,0.8058212995529175,0.027309149503707886
4.nii.gz,0.011725787073373795,0.0047515323385596275,0.00780598446726799,0.017943700775504112,0.031188759952783585,0.0687360092997551,0.06738580018281937,0.0196865051984787,0.07215946912765503,0.005690656136721373,0.007043903227895498,0.014177105389535427,0.005788163281977177,0.010093889199197292,0.008917922154068947,0.043396174907684326,0.004656835924834013,0.006357754115015268,0.025357047095894814,0.0047417194582521915,0.1758284866809845,0.0033600064925849438,0.009308786131441593,0.025882607325911522,0.00798736046999693,0.1186058521270752,0.27222228050231934,0.009032939560711384,0.02264142595231533,0.005392760969698429,0.002969846362248063,0.017327208071947098,0.020568089559674263,0.10650740563869476,0.033367909491062164,0.021411694586277008,0.013105455785989761,0.2763986587524414,0.11265745013952255,0.027779199182987213,0.09231506288051605,0.06845282018184662,0.023304613307118416,0.25894513726234436,0.03182544186711311,0.01781882904469967,0.006758445408195257,0.11166077107191086,0.12122376263141632,0.1300186812877655,0.0021336085628718138,0.0005533925141207874,0.00017612385272514075,0.008331876248121262,0.042865585535764694,0.00047111036838032305,8.667370275361463e-05,0.0036820496898144484,2.1991147150401957e-05,0.01979624107480049,0.0006864716415293515,0.0003774274082388729,0.03634732589125633,0.031594760715961456,0.039338357746601105,0.020994048565626144,0.01616832986474037,0.011144859716296196,0.016156010329723358,0.011073204688727856,0.007942937314510345,0.0051177674904465675,0.02941811829805374,0.02048858255147934,0.019512828439474106,0.00015253268065862358,0.0006362227723002434,0.010184673592448235,0.01351354829967022,0.0015643740771338344,0.0001951989543158561,0.0011067837476730347,0.0012751452159136534,0.0007801815518178046,0.015098019503057003,0.002046799985691905,0.0030056803952902555,0.048592448234558105,0.019518578425049782,0.03599740192294121,0.014524662867188454,0.0052931057289242744,0.01874363236129284,0.06782233715057373,0.010227621532976627,0.1815890669822693,0.004926618654280901,0.001295976573601365,0.024259837344288826,0.015546830371022224,0.015294170938432217,0.025609076023101807,0.04475858062505722,0.0026105905417352915,0.18596772849559784,0.01361375767737627,0.008105943910777569,0.016528796404600143,0.0022700997069478035,0.005902724340558052,0.010061416774988174,0.018769685178995132,0.002647354966029525,0.01206107810139656,0.059932202100753784,0.0013110084692016244,0.0008638827130198479,0.0005593733512796462,0.0066667236387729645,0.0009094058768823743,0.0015622223727405071,0.0019536036998033524,0.015277238562703133,0.05593367666006088,0.8895553946495056,0.07458048313856125,0.010090039111673832,0.05275973305106163,0.24385659396648407,0.02565871924161911,0.031346313655376434,0.008436683565378189,0.013568313792347908,0.10665255039930344,0.04436095431447029,0.007754497695714235,0.007700816262513399,0.37609508633613586,0.016712037846446037,0.22025711834430695,0.39336058497428894,0.05409225821495056,0.08319061994552612,0.3904634714126587,0.38462960720062256,0.039563652127981186
40.nii.gz,0.7964932322502136,0.7036768794059753,0.9288240075111389,0.8964942693710327,0.08486974239349365,0.01805519126355648,0.017347825691103935,0.14910437166690826,0.11465860903263092,0.01928003504872322,0.3098154366016388,0.04210474714636803,0.003001145552843809,0.02419593371450901,0.0035025712568312883,0.42635998129844666,0.0033210208639502525,0.003202366176992655,0.20125947892665863,0.0075072054751217365,0.08527018129825592,0.08805397152900696,0.04754249006509781,0.31617653369903564,0.007887236773967743,0.01540254708379507,0.04207100346684456,0.0359632782638073,0.13146695494651794,0.406562477350235,0.23418067395687103,0.07055974006652832,0.4426288604736328,0.22444212436676025,0.12051364034414291,0.20137618482112885,0.3824222981929779,0.09952868521213531,0.09665175527334213,0.1173514574766159,0.2849867343902588,0.2004101723432541,0.027254216372966766,0.1349629908800125,0.03547509014606476,0.0049700140953063965,0.017718447372317314,0.002144847996532917,0.0010429158573970199,0.0015905912732705474,0.0025876592844724655,0.0018106951611116529,3.225680848117918e-05,0.0013329674256965518,0.00784068088978529,1.949745274032466e-05,2.417878931737505e-05,0.007295701187103987,1.006360980682075e-05,0.0016287474427372217,0.0002903177519328892,0.0015706022968515754,0.0008294294821098447,0.04089752584695816,0.04598148167133331,0.03861948102712631,0.028262758627533913,0.012943054549396038,0.018987387418746948,0.01288397517055273,0.021762263029813766,0.014047463424503803,0.039569538086652756,0.04134979099035263,0.042999837547540665,0.0005063255084678531,0.0003037809219677001,0.03481779247522354,0.008714801631867886,0.0016846033977344632,0.00010896172898355871,0.0011774471495300531,0.0008018864318728447,0.0004006665258202702,0.00667849974706769,0.004167900420725346,0.006271669641137123,0.27313128113746643,0.04183034226298332,0.03615880012512207,0.02475222758948803,0.005365969613194466,0.25379201769828796,0.23190520703792572,0.3127710521221161,0.0879247635602951,0.13095931708812714,0.19142977893352509,0.049013350158929825,0.01656721532344818,0.016041027382016182,0.02456090599298477,0.02294147200882435,0.0015659313648939133,0.006310553755611181,0.016034699976444244,0.019762488082051277,0.028642864897847176,0.0013049683766439557,0.05370452255010605,0.01572197489440441,0.020446188747882843,0.009858827106654644,0.05066175013780594,0.09509918838739395,0.011137804947793484,0.01656273566186428,0.006338036153465509,0.04943244159221649,0.005170712247490883,0.00971528235822916,0.011876180768013,0.09816958010196686,0.032337214797735214,0.01673974096775055,0.06465468555688858,0.008812450803816319,0.030412504449486732,0.015842000022530556,0.0031273122876882553,0.03789903223514557,0.07837644219398499,0.060026396065950394,0.052175045013427734,0.02677967958152294,0.005976362619549036,0.00853424146771431,0.20053882896900177,0.014016437344253063,0.069212906062603,0.016756240278482437,0.17584332823753357,0.4272414743900299,0.015428289771080017,0.013993209227919579,0.007822866551578045
41.nii.gz,0.025124207139015198,0.008958980441093445,0.010334013029932976,0.021097034215927124,0.15489335358142853,0.03039766475558281,0.0287664495408535,0.2301054149866104,0.08192629367113113,0.018572015687823296,0.06793086230754852,0.017204156145453453,0.003475845092907548,0.010572878643870354,0.004147621802985668,0.11820593476295471,0.0038296994753181934,0.0035736621357500553,0.06695220619440079,0.009099764749407768,0.03483225777745247,0.03298589959740639,0.02686729095876217,0.08453278243541718,0.008192628622055054,0.016581961885094643,0.03429505601525307,0.018239492550492287,0.03338276967406273,0.187691792845726,0.10676697641611099,0.0388752818107605,0.31180936098098755,0.09896465390920639,0.09859896451234818,0.07867075502872467,0.2265682816505432,0.01700022630393505,0.011637725867331028,0.040643349289894104,0.16240662336349487,0.5329917669296265,0.06301908940076828,0.20163075625896454,0.0778883770108223,0.00535064609721303,0.09317723661661148,0.007847233675420284,0.0038331300020217896,0.006035756319761276,0.010977226309478283,0.04754927009344101,0.1083032414317131,0.020555295050144196,0.0031336962711066008,0.0008288417011499405,0.10975738614797592,0.008749188855290413,0.023386333137750626,0.003390909405425191,0.06823889166116714,0.027150560170412064,0.007195204496383667,0.2368757277727127,0.21743978559970856,0.09919597208499908,0.0904824510216713,0.11700840294361115,0.096603624522686,0.11595182120800018,0.054493118077516556,0.07094793766736984,0.16566546261310577,0.013687708415091038,0.013413595035672188,0.008307457901537418,0.012906323187053204,0.012891982682049274,0.010657286271452904,0.039148829877376556,0.003012979170307517,0.03739998862147331,0.0027169357053935528,0.015573306009173393,0.005367878824472427,0.0202652420848608,0.022015303373336792,,,,,,,0.17001508176326752,0.1352986842393875,0.24076539278030396,0.0037099590990692377,0.0027521855663508177,0.10839160531759262,,,,,,,,,,,,,,,0.01171637512743473,0.0201797466725111,0.00598252983763814,0.010282160714268684,0.015667060390114784,0.1710807979106903,0.03803432732820511,0.005327592138200998,0.010472672991454601,0.08898837864398956,0.4009224474430084,0.12190033495426178,0.3761386275291443,0.6691364645957947,0.3992044925689697,0.5591747164726257,0.44265562295913696,0.06468357145786285,0.1414019763469696,0.11758400499820709,0.057624008506536484,0.04409745708107948,0.010081583634018898,0.014951067976653576,,,,0.09316208958625793,0.06150012090802193,0.015604955144226551,0.0894613191485405,0.08528950065374374,0.009638680145144463
42.nii.gz,0.010755258612334728,0.004283076152205467,0.00449456786736846,0.01103697344660759,0.010737831704318523,0.03166954964399338,0.030243104323744774,0.07267165184020996,0.0169584508985281,0.001983216032385826,0.007935749366879463,0.003519029589369893,0.0005571753717958927,0.002408599015325308,0.0008496317313984036,0.016270125284790993,0.0005344620440155268,0.0006021980079822242,0.00947700347751379,0.0011800902429968119,0.006044011563062668,0.001614261302165687,0.0017673528054729104,0.01044077891856432,0.0013705589808523655,0.007111458573490381,0.015908867120742798,0.002786330645903945,0.01095972117036581,0.02787463739514351,0.007406475953757763,0.006371092051267624,0.05037222057580948,0.09151790291070938,0.01673435978591442,0.01500800158828497,0.026772189885377884,0.01930094137787819,0.03830895572900772,0.010701105929911137,0.022169925272464752,0.006566970609128475,0.011734488420188427,0.07906229048967361,0.014957192353904247,0.020932279527187347,0.0013575797202065587,0.00022396151325665414,9.447927732253447e-05,0.00014804302190896124,0.003300225595012307,0.0006821078131906688,2.6144078219658695e-05,0.005023175850510597,0.08912845700979233,2.455216417729389e-05,1.2456223885237705e-05,0.02332453243434429,4.413848728290759e-06,0.000617652025539428,0.00033941358560696244,0.0005869021988473833,0.00014043794362805784,0.012998436577618122,0.018204303458333015,0.008428751491010189,0.006658351514488459,0.0077827791683375835,0.009783890098333359,0.007764252368360758,0.001794240321032703,0.010153925977647305,0.01312875747680664,0.4358806908130646,0.44109097123146057,0.05348505824804306,0.12230043113231659,0.38775017857551575,0.11460372060537338,0.1512126922607422,0.12755087018013,0.1331784874200821,0.3643721342086792,0.0974813774228096,0.9105148315429688,0.03047393262386322,0.050366759300231934,0.05221794918179512,0.016949933022260666,0.015369238331913948,0.010634439066052437,0.015531220473349094,0.007432462647557259,0.03848905488848686,0.00710716750472784,0.023545417934656143,0.004953642375767231,0.0007567725260742009,0.02973840944468975,0.0021264462266117334,0.0014003436081111431,0.0068891518749296665,0.002010806230828166,0.00014598737470805645,0.04124967381358147,0.0008482775301672518,0.002890868578106165,0.0007945861434563994,0.0002036579098785296,0.0011289998656138778,0.0007909631240181625,0.0032544489949941635,6.27427434665151e-05,0.0025617501232773066,0.005321566015481949,0.0003343311545904726,0.000531062250956893,0.0001669943012529984,0.004411899019032717,0.0008867380092851818,0.0003477269783616066,0.0009231339790858328,0.005978107918053865,0.02393813244998455,0.008168105036020279,0.035211823880672455,0.009698620066046715,0.02279794029891491,0.039983056485652924,0.003923872951418161,0.017470987513661385,0.004973510280251503,0.007954789325594902,0.03170996904373169,0.006099729798734188,0.03648187220096588,0.037262123078107834,0.002946259453892708,0.0017629123758524656,0.001599928131327033,0.024194717407226562,0.009193767793476582,0.009587513282895088,0.022586975246667862,0.020851371809840202,0.9901918172836304
43.nii.gz,0.8431884050369263,0.7975793480873108,0.9613826870918274,0.9523209929466248,0.036377400159835815,0.6848188638687134,0.6889671683311462,0.02035793662071228,0.029979988932609558,0.0012736432254314423,0.039124712347984314,0.004744638688862324,0.002941906452178955,0.0037683341652154922,0.014231112785637379,0.00839751772582531,0.0010355307022109628,0.003482530592009425,0.003472523298114538,0.0013208455638960004,0.3741523027420044,0.0003139820182695985,0.0008679205784574151,0.005552762653678656,0.002360680140554905,0.04342590644955635,0.32532787322998047,0.0007511209114454687,0.007757918909192085,0.0017188199562951922,0.0011167480843141675,0.006033868528902531,0.00868228729814291,0.07205618172883987,0.009634315967559814,0.003691741032525897,0.00493856193497777,0.31924620270729065,0.05153702571988106,0.0021553575061261654,0.03403281420469284,0.01200198382139206,0.03540760278701782,0.13659964501857758,0.03086184337735176,0.000976747483946383,0.00023584555310662836,0.0001476637553423643,3.9671413105679676e-05,5.473502824315801e-05,0.00033129157964140177,0.0001071491205948405,6.440739070967538e-06,0.0005411965539678931,0.0009686867706477642,5.163720288692275e-06,4.842214821110247e-06,0.001201044418849051,1.8606585854286095e-06,0.0014909195015206933,2.0595021851477213e-05,6.463016325142235e-05,4.1762883483897895e-05,0.025306781753897667,0.019328346475958824,0.026458080857992172,0.019786782562732697,0.008732248097658157,0.00923463050276041,0.008746405132114887,0.007050313055515289,0.017864258959889412,0.02448999136686325,0.019802667200565338,0.019329583272337914,0.00012031279766233638,0.0034522584173828363,0.011269589886069298,0.06717866659164429,0.0015552961267530918,0.0002463737619109452,0.0011660958407446742,0.0032255903352051973,0.008219324052333832,0.07481253892183304,0.002016811864450574,0.003230354283004999,0.7886981964111328,0.25213608145713806,0.023409707471728325,0.06790287047624588,0.036647994071245193,0.02608206681907177,0.019897188991308212,0.07830584794282913,0.012883101589977741,0.21347376704216003,0.048513978719711304,0.06507615000009537,0.0010204127756878734,0.0010254106018692255,0.00046836401452310383,0.0010406823130324483,4.0303195419255644e-05,0.028384946286678314,0.000344937841873616,0.0007115815533325076,0.0003527046355884522,0.00011678619193844497,0.0028769250493496656,0.0002737613394856453,0.0014322228962555528,8.404376785620116e-06,0.006276269443333149,0.03912927582859993,0.0001320723386015743,0.0005821094382554293,5.7671553804539144e-05,0.002696960000321269,0.00021630094852298498,0.00013054553710389882,0.00025240800459869206,0.0034981239587068558,0.007159289438277483,0.013594549149274826,0.005854454822838306,0.0009583497885614634,0.006562660913914442,0.0007450847188010812,0.000501203176099807,0.006646591238677502,0.22554101049900055,0.3824085593223572,0.5059325098991394,0.5665854215621948,0.022280750796198845,0.017782539129257202,0.02008884772658348,0.0008669386734254658,0.004048358649015427,0.008978781290352345,0.05891997739672661,0.09766256809234619,0.008169969543814659,0.007306121755391359,0.0051759155467152596
44.nii.gz,0.28801268339157104,0.16832999885082245,0.49465319514274597,0.5549941062927246,0.015882769599556923,0.014725570566952229,0.013935167342424393,0.00794412475079298,0.008955581113696098,0.0037977842148393393,0.017967142164707184,0.008790980093181133,0.00032140163239091635,0.0056194132193923,0.0002503962896298617,0.01186060719192028,0.0005936354282312095,0.0003408901684451848,0.017482712864875793,0.0025362656451761723,0.0554003044962883,0.0014135661767795682,0.0012195468880236149,0.008788250386714935,0.0016311845974996686,0.01457164715975523,0.055827900767326355,0.002406465355306864,0.01459930744022131,0.018421905115246773,0.007816106081008911,0.004425009246915579,0.03948440030217171,0.08161310851573944,0.015354430302977562,0.014881595969200134,0.02455008029937744,0.12096459418535233,0.0356798991560936,0.008919093757867813,0.06033740192651749,0.007729629520326853,0.03403520956635475,0.6748393177986145,0.1010374128818512,0.0010017567547038198,0.0013190032914280891,0.12961773574352264,0.18139278888702393,0.17377319931983948,0.0006871082005091012,0.0008712590206414461,0.0051308246329426765,0.005321217700839043,0.0005116581451147795,0.004002689849585295,0.0035112600307911634,0.0003840743447653949,0.00016036804299801588,0.00526469899341464,0.00013937641051597893,0.0001602573465788737,0.05377669632434845,0.06784147024154663,0.0744687020778656,0.1276102513074875,0.08467960357666016,0.042160168290138245,0.06380531191825867,0.042065296322107315,0.18550945818424225,0.027979640290141106,0.10684750974178314,0.10193382203578949,0.12424620985984802,0.004604744259268045,0.004105072468519211,0.23877057433128357,0.05934322997927666,0.00645969994366169,0.004493226297199726,0.005953433457762003,0.018747825175523758,0.003003607504069805,0.013024228624999523,0.0075501129031181335,0.010386059992015362,0.0906565859913826,0.046320416033267975,0.07819245010614395,0.02004900574684143,0.0022413767874240875,0.013262899592518806,0.14143811166286469,0.006677266210317612,0.14470265805721283,0.009779774583876133,0.0023924773558974266,0.01306026428937912,,,,,,,,,,,,,,,0.0021300206426531076,0.00619115587323904,0.0005940268165431917,0.0001597132213646546,0.00016857075388543308,0.0016776720294728875,0.00033898846595548093,0.0006675014737993479,0.0008684012573212385,0.0032428347039967775,0.024784741923213005,0.7904788255691528,0.06697899103164673,0.047388844192028046,0.024186410009860992,0.35053306818008423,0.017969610169529915,0.02044563740491867,0.00469619408249855,0.006563922856003046,0.1093863919377327,0.048892486840486526,0.05745502561330795,0.04346713796257973,0.06415269523859024,0.011962789110839367,0.03436554595828056,0.439856618642807,0.1826491802930832,0.4342228174209595,0.43690747022628784,0.4316728115081787,0.010297234170138836
45.nii.gz,0.5157257914543152,0.40801846981048584,0.10325127094984055,0.09319670498371124,0.03799707815051079,0.009407486766576767,0.008657914586365223,0.024977752938866615,0.37188830971717834,0.014511638320982456,0.03170836716890335,0.03703313693404198,0.0012045170878991485,0.03537214547395706,0.0016527364496141672,0.02361266501247883,0.0011807414703071117,0.0013047464890405536,0.02790527604520321,0.003607287537306547,0.04197218269109726,0.0029010784346610308,0.01219487376511097,0.014150370843708515,0.005308995954692364,0.13325610756874084,0.14108197391033173,0.021261317655444145,0.055599357932806015,0.05119240656495094,0.016083545982837677,0.012970857322216034,0.07583167403936386,0.22288374602794647,0.04094494506716728,0.05799397826194763,0.04408561810851097,0.327006459236145,0.11837658286094666,0.07442876696586609,0.06456311792135239,0.056583382189273834,0.7568403482437134,0.874745786190033,0.876123309135437,0.04993508756160736,0.011203194037079811,0.004797352012246847,0.0016746725887060165,0.0021894618403166533,0.4258449077606201,0.005588437896221876,0.00210677576251328,0.019939344376325607,0.01627284847199917,0.006375548895448446,0.0012709603179246187,0.8179288506507874,0.0013520695501938462,0.06886278837919235,0.11451713740825653,0.24318018555641174,0.004315228667110205,0.1344434767961502,0.15648187696933746,0.2556930184364319,0.1699383407831192,0.025876201689243317,0.031334374099969864,0.02566065452992916,0.04364437982439995,0.13816329836845398,0.15603074431419373,0.20380742847919464,0.23381496965885162,0.0008217326831072569,0.004850012715905905,0.31812652945518494,0.15747742354869843,0.007265218533575535,0.0033807726576924324,0.0066621811129152775,0.015475180931389332,0.005616213660687208,0.1981305032968521,0.0026049974840134382,0.004504448268562555,0.6002676486968994,0.11901658773422241,0.03608579933643341,0.03646078333258629,0.01210732664912939,0.0152171915397048,0.061505433171987534,0.12712030112743378,0.008174596354365349,0.028007512912154198,0.0034154769964516163,0.030620170757174492,0.9830023646354675,0.9772881865501404,0.9358298778533936,0.8870289325714111,0.558818519115448,0.042725369334220886,0.5887200832366943,0.511703372001648,0.6757084131240845,0.3346758484840393,0.295854777097702,0.9494336247444153,0.9740598201751709,0.8902021646499634,0.010198150761425495,0.03509766235947609,0.002292020246386528,0.0009449656936340034,0.0018765329150483012,0.009254957549273968,0.0003097009612247348,0.002655705437064171,0.0029642207082360983,0.005853644572198391,0.003576969727873802,0.009000323712825775,0.006154908332973719,0.0004560762899927795,0.0033090568613260984,0.002142472192645073,0.00048369253636337817,0.0036354840267449617,0.0030563343316316605,0.007800624240189791,0.02491256780922413,0.0072243595495820045,0.0040275780484080315,0.00415363535284996,0.0004554919432848692,0.0016732949297875166,0.0002589098294265568,0.00898753572255373,0.043268170207738876,0.513173520565033,0.008151303976774216,0.007253054529428482,0.0025646300055086613
46.nii.gz,0.025247594341635704,0.010241417214274406,0.010183005593717098,0.01735205389559269,0.025196311995387077,0.22369562089443207,0.2225659042596817,0.04460802301764488,0.06355156004428864,0.0029516920913010836,0.0654604360461235,0.009257891215384007,0.001847239676862955,0.004771772306412458,0.0033444196451455355,0.01277170516550541,0.0013650812907144427,0.0019877685699611902,0.025058649480342865,0.0021577635779976845,0.5119376182556152,0.001247160485945642,0.009516074322164059,0.007391348481178284,0.004508392885327339,0.06356431543827057,0.31840071082115173,0.0003836990217678249,0.007945364341139793,0.0032789241522550583,0.0013264250010251999,0.00543316500261426,0.008109762333333492,0.12360207736492157,0.009741135872900486,0.0036307077389210463,0.005066039506345987,0.3530072867870331,0.13869720697402954,0.0016783919418230653,0.018722599372267723,0.03801332414150238,0.05011336877942085,0.40015777945518494,0.03828436881303787,0.025937052443623543,0.0008806792902760208,0.0012105302885174751,0.0004348288057371974,0.0005935330409556627,0.0027276258915662766,0.00018771113536786288,1.1799150342994835e-05,0.01169519778341055,0.07697252184152603,6.0641454183496535e-05,4.987163720215904e-06,0.017329400405287743,3.15569468511967e-06,0.02326352894306183,0.0002556481340434402,0.00026616049581207335,0.00039722651126794517,0.0264748428016901,0.03099752962589264,0.01710817776620388,0.013237775303423405,0.017477111890912056,0.01751786097884178,0.017508983612060547,0.008150418289005756,0.0037584975361824036,0.028175566345453262,0.2681974172592163,0.30825740098953247,0.8202176690101624,0.8492963314056396,0.28967538475990295,0.9071056246757507,0.7042558193206787,0.8563647270202637,0.7194828987121582,0.7859336137771606,0.8480985164642334,0.617107093334198,0.9247812032699585,0.9061613082885742,0.3578215539455414,0.10209982842206955,0.0772351622581482,0.04790947958827019,0.01968228444457054,0.513405978679657,0.02034778892993927,0.14100715517997742,0.020094754174351692,0.06804598867893219,0.022910628467798233,0.2891908586025238,0.0015129758976399899,0.0015090586384758353,0.000368022418115288,0.0012952997349202633,6.289681914495304e-05,0.01505251694470644,0.00045234712888486683,0.0008646477945148945,0.000523627211805433,0.00020295270951464772,0.00743904709815979,0.00048825255362316966,0.0020330871921032667,1.2667517694353592e-05,0.0072527797892689705,0.04025941342115402,0.0006915662670508027,0.00052876106929034,0.0003876645932905376,0.0037432664539664984,0.0015177528839558363,0.000870036194100976,0.001956775551661849,0.002096645999699831,0.0066084833815693855,0.03600011393427849,0.0059922924265265465,0.0011110699269920588,0.0060576568357646465,0.0022540250793099403,0.001402930705808103,0.0034655306953936815,0.02301223948597908,0.02073686197400093,0.08286144584417343,0.03748004510998726,0.005941057577729225,0.004940274637192488,0.016379280015826225,0.0012015730608254671,0.004825886804610491,0.02105562761425972,0.023507438600063324,0.09727007895708084,0.019514206796884537,0.017828822135925293,0.03115079179406166
47.nii.gz,0.01717960834503174,0.005416876636445522,0.015471287071704865,0.02878320775926113,0.02290031500160694,0.013654060661792755,0.012951135635375977,0.009604322724044323,0.015241154469549656,0.0005857448559254408,0.009151633828878403,0.0009792583296075463,0.0017987398896366358,0.000535596685949713,0.0014444998232647777,0.006498349830508232,0.003293388057500124,0.001866936101578176,0.0042180512100458145,0.0020533946808427572,0.027325013652443886,0.0010887961834669113,0.0008271600818261504,0.00451573496684432,0.0022577261552214622,0.003234920557588339,0.023244177922606468,0.0011106351157650352,0.005960079375654459,0.006917556282132864,0.0027301772497594357,0.005169589538127184,0.015103948302567005,0.09674631059169769,0.015579965896904469,0.00743273738771677,0.009216648526489735,0.10838098078966141,0.03956172987818718,0.00313743413425982,0.038537267595529556,0.0703304335474968,0.016677236184477806,0.14770936965942383,0.03310047462582588,0.3799566924571991,0.02618328109383583,0.9397302269935608,0.9841131567955017,0.9781728386878967,0.19345861673355103,0.009343824349343777,0.008792214095592499,0.025078890845179558,0.6263574957847595,0.9455834031105042,0.004795633256435394,0.10398685932159424,0.024627918377518654,0.2328917682170868,0.06776160001754761,0.09118650108575821,0.9355126619338989,0.024078596383333206,0.026881856843829155,0.034903641790151596,0.02709808200597763,0.01301784347742796,0.020296316593885422,0.01298552192747593,0.022679295390844345,0.014719870872795582,0.030215175822377205,0.022589227184653282,0.024178635329008102,0.0002874374622479081,0.00041149466414935887,0.02167436294257641,0.013518661260604858,0.0006047921488061547,0.00019787756900768727,0.00044527952559292316,0.0022669078316539526,0.0006817029789090157,0.01792040839791298,0.0025090849958360195,0.003519701771438122,0.0221236739307642,0.022778380662202835,0.007787798531353474,0.009621135890483856,0.003404739312827587,0.0020131529308855534,0.01605469360947609,0.002205858938395977,0.09865180402994156,0.0032522068358957767,0.0009547263034619391,0.020461050793528557,0.0009161749621853232,0.0007748392526991665,0.0086401691660285,0.0017027435824275017,0.00038437944022007287,0.012140581384301186,0.0011045512510463595,0.0018789467867463827,0.0008484660065732896,0.0017310642870143056,0.00030402839183807373,0.0006509709637612104,0.0012533727567642927,2.591647171357181e-05,0.009536271914839745,0.031791601330041885,0.0009489702642895281,0.0008082453277893364,0.0005265416111797094,0.003105485811829567,0.00012534527922980487,0.0009312836918979883,0.001318481401540339,0.007857885211706161,0.013841365464031696,0.00785332452505827,0.023393163457512856,0.009039347991347313,0.013653816655278206,0.07493481785058975,0.001964102266356349,0.025207286700606346,,,,,,,0.06044671684503555,0.023082144558429718,0.03769906237721443,0.12253059446811676,0.01743539236485958,0.02573574334383011,0.11824696511030197,0.11292798817157745,
48.nii.gz,0.23326872289180756,0.0986933708190918,0.1724279820919037,0.15267135202884674,0.023878170177340508,0.02485039085149765,0.024043923243880272,0.045254286378622055,0.03585256263613701,0.31151244044303894,0.304648220539093,0.4768114686012268,0.023082036525011063,0.3523249924182892,0.006738651543855667,0.4039882719516754,0.06192643195390701,0.02235126681625843,0.8342744708061218,0.3053669035434723,0.10125517100095749,0.3619548976421356,0.5670950412750244,0.3536350131034851,0.11866321414709091,0.33694514632225037,0.20747268199920654,0.02582457847893238,0.09613499045372009,0.1490022987127304,0.14149031043052673,0.03322874382138252,0.26703178882598877,0.12943914532661438,0.05702297016978264,0.1304733157157898,0.2160189151763916,0.19887438416481018,0.12538649141788483,0.06633390486240387,0.8681342005729675,0.9061273336410522,0.8610507845878601,0.9934377074241638,0.896047830581665,0.01553674042224884,0.11747762560844421,0.5437002778053284,0.5256494283676147,0.5739115476608276,0.00751463370397687,0.006827155128121376,0.005000149365514517,0.0128247095271945,0.009720862843096256,0.03220371529459953,0.004412263631820679,0.005432216450572014,0.0019234841456636786,0.23171386122703552,0.029318800196051598,0.002719590673223138,0.2483583390712738,0.9651678800582886,0.9859020709991455,0.41868841648101807,0.40582218766212463,0.9974693059921265,0.9949839115142822,0.9974963068962097,0.538178026676178,0.2917393743991852,0.9532873034477234,0.032682597637176514,0.03217576444149017,0.009671421721577644,0.00646244827657938,0.028999945148825645,0.13109798729419708,0.00623314967378974,0.00818952452391386,0.006017187610268593,0.04498168081045151,0.0073145790956914425,0.09354998916387558,0.008671164512634277,0.012467036955058575,0.05889071151614189,0.037906285375356674,0.09278091788291931,0.03250648081302643,0.014248020015656948,0.01537762489169836,0.828033447265625,0.08748651295900345,0.5814024209976196,0.011283659376204014,0.005265750456601381,0.011209890246391296,0.16693349182605743,0.11565298587083817,0.17957419157028198,0.6620413661003113,0.029831573367118835,0.049161817878484726,0.25397008657455444,0.032985620200634,0.29732105135917664,0.022924039512872696,0.023822227492928505,0.09200727939605713,0.17429018020629883,0.09535542130470276,0.03387060761451721,0.06191634759306908,0.01654011756181717,0.005202687345445156,0.007123472169041634,0.0670989602804184,0.01735120825469494,0.01825241930782795,0.013934179209172726,0.30727502703666687,0.5521371960639954,0.09514010697603226,0.39584824442863464,0.984158992767334,0.578386127948761,0.9547027349472046,0.48312780261039734,0.10586412996053696,0.04710576683282852,0.05750757083296776,0.024026278406381607,0.006738258525729179,0.01704961620271206,0.02306262217462063,0.535850465297699,0.1414654403924942,0.4572335183620453,0.60723477602005,0.03667876496911049,0.13766133785247803,0.6084597110748291,0.607704222202301,0.030736137181520462
49.nii.gz,0.34672272205352783,0.15906557440757751,0.4460589587688446,0.3925240635871887,0.07941586524248123,0.04443986341357231,0.04390886425971985,0.21391542255878448,0.18718284368515015,0.050395917147397995,0.46376869082450867,0.0526122972369194,0.00038910299190320075,0.012553257867693901,5.619316652882844e-05,0.30102452635765076,0.0014847464626654983,0.00037767429603263736,0.3864090144634247,0.015617324970662594,0.8052955269813538,0.12090879678726196,0.4454500377178192,0.18718810379505157,0.010672677308321,0.36451494693756104,0.3751492500305176,0.011648849584162235,0.041853852570056915,0.28111904859542847,0.25876516103744507,0.010240372270345688,0.3947988450527191,0.30894458293914795,0.058358270674943924,0.11137601733207703,0.3359616994857788,0.11218040436506271,0.026025936007499695,0.04722393676638603,0.06809231638908386,0.04687012732028961,0.0578165166079998,0.6758854985237122,0.089133121073246,0.002965472638607025,0.04316803812980652,0.00106915389187634,0.00025488316896371543,0.0004440646735019982,0.001018105074763298,0.000666875799652189,3.887130878865719e-05,0.003250925801694393,0.0026273170951753855,8.95175980986096e-06,2.8279457183089107e-05,0.0021714421454817057,1.5756575521663763e-05,0.017746547237038612,0.0018431224161759019,0.0007655672379769385,0.0002945962769445032,0.6621952056884766,0.9072843790054321,0.10395968705415726,0.10274922102689743,0.5541363954544067,0.6404744982719421,0.5472524762153625,0.19969850778579712,0.022466393187642097,0.4639613926410675,0.3860246241092682,0.42216381430625916,0.6287985444068909,0.09856078028678894,0.4928513765335083,0.8757417798042297,0.07015977799892426,0.10294643044471741,0.06345301866531372,0.4950324594974518,0.09285757690668106,0.27301716804504395,0.9369093775749207,0.9184039235115051,0.024994898587465286,0.011523791588842869,0.027373503893613815,0.004603338893502951,0.004081833176314831,0.02269182913005352,0.3045176863670349,0.08108285814523697,0.04775896295905113,0.0006081602768972516,0.0007064554374665022,0.0006597444298677146,0.183904767036438,0.14892864227294922,0.026460198685526848,0.10225401073694229,0.0016518703196197748,0.0641971006989479,0.015258871018886566,0.007681317627429962,0.0153766805306077,0.0017324539367109537,0.03895575925707817,0.018598683178424835,0.21033157408237457,0.0014463244006037712,0.09345103055238724,0.16546493768692017,0.4883439242839813,0.004709111992269754,0.6155806183815002,0.03713700920343399,0.0031965752132236958,0.5535628795623779,0.27271515130996704,0.022402362897992134,0.0129931028932333,0.0716898962855339,0.011109811253845692,0.007736815605312586,0.012162548489868641,0.0019483680371195078,0.0015390320913866162,0.011517384089529514,0.03435927629470825,0.01527781318873167,0.07614676654338837,0.030795935541391373,0.005672532599419355,0.005593133624643087,0.033970385789871216,0.026943692937493324,0.022553175687789917,0.05177263915538788,0.04888974502682686,0.032824452966451645,0.04897250980138779,0.04581344500184059,0.00985636468976736
5.nii.gz,0.005554735194891691,0.0023947888985276222,0.0018900836585089564,0.007012565620243549,0.016758136451244354,0.03053920529782772,0.02936447784304619,0.1177380383014679,0.065294049680233,0.1904328167438507,0.01539895310997963,0.1356232464313507,0.003382839495316148,0.14375866949558258,0.0023594440426677465,0.16468070447444916,0.0038639965932816267,0.0037062475457787514,0.04695442318916321,0.013421319425106049,0.049924157559871674,0.02123008295893669,0.03605763241648674,0.10443985462188721,0.012374626472592354,0.6965298056602478,0.49740925431251526,0.2999497056007385,0.0742867961525917,0.02336813323199749,0.017406383529305458,0.07468774914741516,0.07410308718681335,0.13044025003910065,0.17347176373004913,0.13165920972824097,0.05429210513830185,0.0377315916121006,0.04452621564269066,0.3331112861633301,0.035607870668172836,0.007084950804710388,0.007005735300481319,0.04652690142393112,0.007341363932937384,0.0006067823269404471,0.00016677503299433738,4.908614937448874e-05,1.1653115507215261e-05,1.773506483004894e-05,0.0002031800104305148,8.310846897074953e-05,1.3152947758499067e-05,0.0008852580795064569,0.0006625562673434615,2.9936700229882263e-06,9.415535714651924e-06,0.001506414613686502,1.4937135119907907e-06,0.0010128102730959654,4.938679558108561e-05,1.749071088852361e-05,1.502572195022367e-05,0.016773153096437454,0.01653437130153179,0.015049484558403492,0.01186390407383442,0.009444020688533783,0.010081468150019646,0.009480132721364498,0.003590438747778535,0.008768794126808643,0.01812594197690487,0.0064343037083745,0.005949805956333876,7.86548771429807e-05,0.00017605486209504306,0.0040430668741464615,0.0016506541287526488,0.001232525915838778,0.00016408653755206615,0.0009601621422916651,0.0008489834726788104,0.00010388828377472237,0.017256665974855423,0.0008132341899909079,0.0012260228395462036,0.0987624078989029,0.015055917203426361,0.012200390920042992,0.01570574939250946,0.001579861156642437,0.02902819775044918,0.042637329548597336,0.02384360507130623,0.02385183423757553,0.007844316773116589,0.0014895088970661163,0.06777995079755783,0.000918865785934031,0.0009460958535782993,0.0015751648461446166,0.001060483860783279,4.7411049308720976e-05,0.02849189005792141,0.0003882931196130812,0.0010106521658599377,0.0003978381573688239,9.900061559164897e-05,0.0006936401478014886,0.00039857576484791934,0.001354002277366817,3.365920201758854e-05,0.0010395299177616835,0.0030608491506427526,0.00026278497534804046,0.00015752289618831128,0.00018242814985569566,0.0010642142733559012,0.00017626077169552445,0.0003099230525549501,0.000642938248347491,0.001423174748197198,0.002965402090921998,0.06896284967660904,0.00814767461270094,0.00012556707952171564,0.0026728177908807993,0.010396960191428661,0.0004656152450479567,0.00390181434340775,0.010954730212688446,0.005135989747941494,0.012166136875748634,0.0030982003081589937,0.0012967581860721111,0.0015775432111695409,0.007624749094247818,0.0002655880816746503,0.0016631726175546646,0.013621052727103233,0.021967731416225433,0.06288795918226242,0.012518350034952164,0.01131520513445139,0.010645176284015179
50.nii.gz,0.15815766155719757,0.138198584318161,0.06643932312726974,0.07021556049585342,,,,,,0.8151381611824036,0.3552093803882599,0.7114139199256897,0.19759158790111542,0.6791142225265503,0.0862991213798523,0.39847877621650696,0.3475804626941681,0.18767911195755005,0.7428228855133057,0.7196674942970276,0.3579097390174866,0.693164587020874,0.845695972442627,0.4303070902824402,0.5356426239013672,0.7281471490859985,0.27499309182167053,0.6170306205749512,0.7714495062828064,0.6558195948600769,0.7378022074699402,0.47272640466690063,0.6979396343231201,0.19830404222011566,0.3932865262031555,0.6662227511405945,0.7129862308502197,0.23197965323925018,0.39621663093566895,0.6329330205917358,0.5505666136741638,0.2635062038898468,0.1815948337316513,0.19825813174247742,0.28690242767333984,0.014881198294460773,0.008794200606644154,0.0030685062520205975,0.0011129089398309588,0.001933775027282536,0.028491903096437454,0.018939370289444923,0.014734034426510334,0.022559374570846558,0.009416965767741203,0.004495696630328894,0.012373554520308971,0.01889435015618801,0.018895650282502174,0.013236741535365582,0.5278246998786926,0.11771051585674286,0.0038692990783602,0.15059955418109894,0.2196161299943924,0.06584639102220535,0.047386251389980316,0.13542896509170532,0.1587551385164261,0.1352551430463791,0.08582703024148941,0.07315598428249359,0.14357174932956696,0.06220044568181038,0.06948496401309967,0.9460439085960388,0.5972842574119568,0.19326123595237732,0.05016724392771721,0.25048524141311646,0.3697453439235687,0.3034484088420868,0.17264817655086517,0.7660801410675049,0.011178986169397831,0.031555674970149994,0.039959583431482315,0.11346910148859024,0.08650536090135574,0.06421399116516113,0.038692135363817215,0.17279212176799774,0.048271846026182175,0.10996633768081665,0.0561901330947876,0.042527537792921066,0.027393026277422905,0.01141295861452818,0.017747709527611732,0.04160424321889877,0.022615130990743637,0.029199160635471344,0.09473211318254471,0.01377960853278637,0.003695386927574873,0.0483914278447628,0.023033786565065384,0.06511243432760239,0.02019546367228031,0.08116035908460617,0.0284386295825243,0.047578297555446625,0.009601768106222153,0.044653940945863724,0.04113892465829849,0.06222531571984291,0.06894239783287048,0.04508660361170769,0.21739274263381958,0.012544022873044014,0.05811512842774391,0.09222771227359772,0.04704437777400017,0.04431357979774475,0.025903383269906044,0.09443707764148712,0.015757309272885323,0.04237370938062668,0.034017786383628845,0.022485770285129547,0.03426453843712807,,,,,,,0.04497744143009186,0.0846596360206604,0.03144121542572975,,,,,,
51.nii.gz,0.8957297801971436,0.914071798324585,0.9558240175247192,0.8881253600120544,0.04981498420238495,0.9789884090423584,0.9803645610809326,0.05887576937675476,0.06975825130939484,0.5983898639678955,0.964979350566864,0.8811071515083313,0.40536239743232727,0.8390913605690002,0.5946878790855408,0.4907841086387634,0.22158917784690857,0.4276786148548126,0.9561913013458252,0.45983877778053284,0.912063479423523,0.3607507348060608,0.816455602645874,0.5298320055007935,0.449332594871521,0.45037537813186646,0.6973092555999756,0.0160403810441494,0.11213304102420807,0.04566233977675438,0.04256466403603554,0.047516677528619766,0.10383937507867813,0.28259119391441345,0.05917171761393547,0.07721051573753357,0.08275943249464035,0.6950455904006958,0.1343478411436081,0.03914618492126465,0.2378157675266266,0.26868173480033875,0.2303924858570099,0.9188308715820312,0.1799432784318924,0.006715172901749611,0.0020640604197978973,0.0011858743382617831,0.0004186934675090015,0.0006021001609042287,0.0013445152435451746,0.0012634522281587124,0.00011744296352844685,0.005611850880086422,0.01150237862020731,1.002542740025092e-05,8.61543885548599e-05,0.0043326313607394695,1.2748278095386922e-05,0.004690977279096842,0.00022000957687851042,0.0004813243285752833,0.000392949121305719,0.7091770172119141,0.9142894744873047,0.06267055869102478,0.0559518039226532,0.9439693093299866,0.9469746351242065,0.9440371990203857,0.1519870162010193,0.02431938610970974,0.640134871006012,0.7819548845291138,0.8145280480384827,0.9102898836135864,0.4242565929889679,0.8105689287185669,0.7947900295257568,0.20128831267356873,0.4110117554664612,0.19911521673202515,0.6702896356582642,0.46711480617523193,0.6615071296691895,0.2098318338394165,0.26166972517967224,0.3644650876522064,0.11324235051870346,0.20550379157066345,0.07354063540697098,0.02694874256849289,0.6695067286491394,0.1150258406996727,0.37280726432800293,0.015549266710877419,0.2306068390607834,0.10171423852443695,0.10198769718408585,0.011563063599169254,0.01628941483795643,0.0019884281791746616,0.004705633968114853,0.00013958975614514202,0.18555450439453125,0.001443009590730071,0.0056132106110453606,0.0015228783013299108,0.0005537475808523595,0.012212336994707584,0.0031610799487680197,0.014019062742590904,2.465855322952848e-05,0.013598304241895676,0.14092247188091278,0.00032091568573378026,0.0006940289749763906,0.00027297140331938863,0.007870524190366268,0.001920705777592957,0.00036011647898703814,0.0005906422738917172,0.009344411082565784,0.02978462167084217,0.00950795691460371,0.034145891666412354,0.006242087576538324,0.027542171999812126,0.0007276561227627099,0.0005053108325228095,0.40176641941070557,0.933371901512146,0.539465606212616,0.6102073192596436,0.7157202363014221,0.16282616555690765,0.1830875128507614,0.013106510043144226,0.002579461084678769,0.006047037895768881,0.01676652580499649,0.17869719862937927,0.6440650820732117,0.015468831174075603,0.014109586365520954,0.04008260741829872
52.nii.gz,,,,,,,,,,0.07259217649698257,0.04316262528300285,0.07350451499223709,0.011796043254435062,0.07750193774700165,0.014451751485466957,0.10967127233743668,0.015431244857609272,0.012342416681349277,0.058179471641778946,0.04351884871721268,0.03142696991562843,0.04920932650566101,0.030027929693460464,0.11095958203077316,0.023433461785316467,0.18236872553825378,0.10718578100204468,0.020160069689154625,0.012879621237516403,0.008933617733418941,0.0056537664495408535,0.020474551245570183,0.024546919390559196,0.05813774839043617,0.04132293909788132,0.026682522147893906,0.01740933582186699,0.017868677154183388,0.014391904696822166,0.0338110476732254,,,,,,,,,,,,,,,,,,,,,,,,,,,,,,,,,,0.031098829582333565,0.0323224775493145,0.07465308904647827,0.01263673696666956,0.045312587171792984,0.009516308084130287,0.012782972306013107,0.010116755031049252,0.013237775303423405,0.012438601814210415,0.014049100689589977,0.012007650919258595,0.010958854109048843,0.012869756668806076,,,,,,,0.014484500512480736,0.012627433985471725,0.00809868611395359,0.023606112226843834,0.009375449270009995,0.05406295135617256,,,,,,,,,,,,,,,,,,,,,,,,,,,,,,,,,0.022448429837822914,0.0059305718168616295,0.03873472288250923,0.014774897135794163,0.002738040639087558,0.003217492252588272,,,,,,,,,0.05716222524642944
53.nii.gz,0.07907784730195999,0.03911157324910164,0.014538686722517014,0.015610509552061558,0.015446639619767666,0.02138497866690159,0.020233871415257454,0.14954473078250885,0.04297814518213272,0.38657286763191223,0.1322108507156372,0.2605741322040558,0.009975260123610497,0.22473222017288208,0.0074774338863790035,0.6698524355888367,0.011443070136010647,0.010338060557842255,0.35748887062072754,0.040892086923122406,0.04355159029364586,0.38310644030570984,0.5762922763824463,0.5664128661155701,0.04249921441078186,0.5280612111091614,0.19034932553768158,0.9726496338844299,0.8083932399749756,0.9096233248710632,0.9495816230773926,0.6822636723518372,0.9400109648704529,0.2209087610244751,0.6993662714958191,0.9211071133613586,0.9409080147743225,0.057268742471933365,0.030413469299674034,0.9625841379165649,0.371496319770813,0.5980387926101685,0.05346956104040146,0.1615111380815506,0.08065742254257202,0.0007247663452289999,0.002781497547402978,0.00014811925939284265,4.083378371433355e-05,6.84372935211286e-05,0.00034120737109333277,0.0004971840535290539,4.395618452690542e-05,0.0009503383189439774,0.0007121479720808566,6.595262220798759e-06,3.787310197367333e-05,0.0009723221301101148,1.748851173033472e-05,0.0006415245588868856,0.0004771970270667225,0.00012882605369668454,6.039123036316596e-05,0.18565605580806732,0.17939074337482452,0.09806112200021744,0.09217718988656998,0.08918889611959457,0.08193192631006241,0.08850296586751938,0.08966732025146484,0.05108233541250229,0.14024357497692108,0.012191664427518845,0.010905222967267036,0.0008962225401774049,0.0033060451969504356,0.007316621020436287,0.012629538774490356,0.016070881858468056,0.0025910455733537674,0.013503066264092922,0.006195396650582552,0.003103515598922968,0.022718021646142006,0.0033678365871310234,0.00512950774282217,0.06590919941663742,0.019259918481111526,0.006737716495990753,0.01648986153304577,0.01905014179646969,0.007402586285024881,0.262332946062088,0.029799291864037514,0.08464603126049042,0.01642073504626751,0.01047611329704523,0.0017990394262596965,0.0022446452639997005,0.0026583350263535976,0.00286118988879025,0.003508012741804123,0.00038899469655007124,0.11791446059942245,0.0021828950848430395,0.0025088691618293524,0.0018253226298838854,0.0006046408088877797,0.0022845545317977667,0.0008548427140340209,0.003210378112271428,0.0001468072150601074,0.010125979781150818,0.013775410130620003,0.004138690419495106,0.0024808531161397696,0.0010890233097597957,0.013527421280741692,0.0010745400795713067,0.004140485543757677,0.008389540947973728,0.012801915407180786,0.10933295637369156,0.03921029344201088,0.060841891914606094,0.18281519412994385,0.10960346460342407,0.26707375049591064,0.06320960074663162,0.0267228651791811,0.24327044188976288,0.22830773890018463,0.3841123878955841,0.5555003881454468,0.02569449506700039,0.03827150538563728,,,,0.034928787499666214,0.1448802351951599,0.2826876640319824,0.03272981941699982,0.030339615419507027,0.05373366177082062
54.nii.gz,0.006513501983135939,0.0022561047226190567,0.0009416061802767217,0.002171572297811508,0.016950171440839767,0.014050396159291267,0.012967761605978012,0.100639708340168,0.1013607606291771,0.21883849799633026,0.017990218475461006,0.21007730066776276,0.0029703881591558456,0.22057116031646729,0.0015367768937721848,0.18488472700119019,0.0053366608917713165,0.002983447164297104,0.16793374717235565,0.030469002202153206,0.0042478651739656925,0.06587864458560944,0.19145452976226807,0.11794476956129074,0.02442135475575924,0.29945799708366394,0.0386071503162384,0.24143877625465393,0.215349942445755,0.3258146643638611,0.15412992238998413,0.08713474124670029,0.30743974447250366,0.200214222073555,0.14198042452335358,0.26429513096809387,0.2252478450536728,0.0810859203338623,0.0704907700419426,0.3721989095211029,0.031014516949653625,0.010897479951381683,0.0019940463826060295,0.07383093237876892,0.007097973953932524,0.00043897272553294897,0.00031207563006319106,0.00011067499144701287,3.5452037991490215e-05,5.704260183847509e-05,0.00010519748320803046,8.446987339993939e-05,1.5924724721116945e-05,0.00027287506964057684,0.000499780522659421,8.641126441943925e-06,1.1372856533853337e-05,0.00025027882657013834,4.937681296723895e-06,0.0005300872144289315,0.0003489544033072889,2.2393049221136607e-05,4.6253153413999826e-05,0.003856031922623515,0.01398469042032957,0.003357360139489174,0.002596256323158741,0.0030112266540527344,0.0068640089593827724,0.002988766646012664,0.0006915032863616943,0.002548078540712595,0.004940654616802931,0.0017114279326051474,0.0016953827580437064,0.0002935807569883764,8.545122545910999e-05,0.0037205186672508717,0.0009860241552814841,0.0005737036117352545,0.0001609684113645926,0.0005060608382336795,0.0005297228344716132,5.825986590934917e-05,0.0021458431147038937,0.000238644759519957,0.00040373048977926373,0.009083513170480728,0.0029858124908059835,0.009390460327267647,0.0022942316718399525,0.0010177744552493095,0.0021645876113325357,0.15437451004981995,0.028872646391391754,0.013568159192800522,0.024819258600473404,0.004963097628206015,0.03963727131485939,0.00113420351408422,0.0006352539057843387,0.005645502358675003,0.0031595691107213497,0.0006563200149685144,0.10681506246328354,0.001578834024257958,0.0010815570130944252,0.0014617166016250849,0.00048247500672005117,0.002609745366498828,0.0004084589600097388,0.0016891564009711146,0.0002963953884318471,0.0030096150003373623,0.0014575287932530046,0.04381546378135681,0.0006931974203325808,0.010373314842581749,0.0055482275784015656,0.00016854859131854028,0.06047309562563896,0.09077348560094833,0.0012382309651002288,0.007815227843821049,0.005873058922588825,0.013080857694149017,0.008415965363383293,0.0075952340848743916,0.013926691375672817,0.004703907296061516,0.005500114057213068,0.00423998199403286,0.0125730624422431,0.015853306278586388,0.005284967366605997,0.015365918166935444,0.02062249556183815,0.005659350194036961,0.0003958269953727722,0.0017067613080143929,0.012461202219128609,0.013465330004692078,0.013444658368825912,0.011459335684776306,0.010383923538029194,0.016232488676905632
55.nii.gz,0.0766017958521843,0.03693759813904762,0.07642409950494766,0.09079955518245697,0.03533250465989113,0.013230065815150738,0.012524229474365711,0.1191941574215889,0.07687249034643173,0.008450500667095184,0.046103958040475845,0.03162812069058418,0.0011265395442023873,0.015949023887515068,0.0006384715088643134,0.038712624460458755,0.0014390588039532304,0.0011535192606970668,0.276033878326416,0.003852070542052388,0.024390559643507004,0.009020382538437843,0.020043661817908287,0.023850994184613228,0.004647928290069103,0.00613191956654191,0.012240203097462654,0.01156478188931942,0.0180948656052351,0.13801193237304688,0.07942497730255127,0.009099900722503662,0.20909249782562256,0.30154716968536377,0.05451210215687752,0.11920589953660965,0.16381600499153137,0.05079277232289314,0.01057955902069807,0.05182322487235069,0.19833898544311523,0.25635239481925964,0.017460718750953674,0.2757085859775543,0.035619333386421204,0.003199137980118394,0.08527068793773651,0.8284687995910645,0.9599197506904602,0.9551474452018738,0.002770021092146635,0.008150903508067131,0.008666140958666801,0.0023043390829116106,0.0028970646671950817,0.1765240579843521,0.009704901836812496,0.0014125151792541146,0.005229392554610968,0.0020565504673868418,0.002412003232166171,0.0005182318855077028,0.704233705997467,0.3847017288208008,0.8362075090408325,0.016222335398197174,0.016173291951417923,0.9479987621307373,0.9379259347915649,0.9484885334968567,0.014887707307934761,0.0076657989993691444,0.40105709433555603,0.007019661832600832,0.00758477533236146,0.0014916417421773076,0.0016804112819954753,0.007757063489407301,0.014665392227470875,0.0043247458525002,0.0010523247765377164,0.004007443320006132,0.0021140258759260178,0.0027671484276652336,0.004375858698040247,0.004479585215449333,0.0063865468837320805,0.01934310607612133,0.013528202660381794,0.0356106273829937,0.01035395823419094,0.006827930454164743,0.01400777604430914,0.8706901669502258,0.17820310592651367,0.9128502607345581,0.05030180886387825,0.022019824013113976,0.016983063891530037,0.0022844262421131134,0.0019052558345720172,0.08354589343070984,0.01588032767176628,0.0005752057186327875,0.004632642026990652,0.014018191024661064,0.013226182200014591,0.01382473111152649,0.005092311184853315,0.0026140224654227495,0.0033872632775455713,0.003047109115868807,0.0003432230732869357,0.02035144343972206,0.05846374109387398,0.009127052500844002,0.0030518495477735996,0.00511124124750495,0.0351242758333683,0.0027130362577736378,0.0092903608456254,0.012461056001484394,0.026637297123670578,0.31504830718040466,0.04169287160038948,0.2924485504627228,0.8876572847366333,0.3415776789188385,0.9829992651939392,0.6285727024078369,0.14389830827713013,,,,,,,0.9767530560493469,0.9734500050544739,0.9871553182601929,0.5625936388969421,0.10562542825937271,0.06184418871998787,0.5634430646896362,0.5625653266906738,
56.nii.gz,0.025879913941025734,0.006997817661613226,0.0090376827865839,0.024243833497166634,0.021705446764826775,0.020333055406808853,0.019081497564911842,0.05863136053085327,0.057230912148952484,0.05043790489435196,0.012352319434285164,0.05408186465501785,0.012631483376026154,0.0683915764093399,0.027514643967151642,0.145402729511261,0.012288457714021206,0.013086856342852116,0.03671783208847046,0.03406627103686333,0.007482245098799467,0.0448150597512722,0.06724407523870468,0.10595733672380447,0.028378969058394432,0.27212443947792053,0.08587723225355148,0.03636908903717995,0.17456944286823273,0.04184998944401741,0.02073066122829914,0.18598337471485138,0.07926086336374283,0.1005953773856163,0.09311743080615997,0.08465125411748886,0.055463582277297974,0.15091858804225922,0.37178653478622437,0.0863274559378624,0.026459192857146263,0.04481874406337738,0.0050818780437111855,0.07058846205472946,0.009171629324555397,0.001349566038697958,0.00011881799582624808,6.000288703944534e-05,2.138908712367993e-05,3.5885863326257095e-05,0.0002232649567304179,0.00010585226118564606,3.4479464375181124e-05,0.0007747699273750186,0.002928034868091345,1.3428794773062691e-05,1.835559851315338e-05,0.0007206238224171102,5.247977696853923e-06,0.00019599775259848684,0.00017402501543983817,3.1508010579273105e-05,3.7269921449478716e-05,0.006379331927746534,0.014617346227169037,0.0058744121342897415,0.004744395613670349,0.005306956823915243,0.008602972142398357,0.0052972398698329926,0.0014500858960673213,0.005541483871638775,0.007641226053237915,0.0017301999032497406,0.001659899833612144,0.001418131636455655,0.002177561866119504,0.0058126808144152164,0.001445602742023766,0.0016216547228395939,0.0009149169782176614,0.0015601590275764465,0.002801573136821389,0.0017597249243408442,0.005476578138768673,0.0005521101411432028,0.0008025579736568034,0.023779619485139847,0.00938652828335762,0.04152853786945343,0.009882411919534206,0.0031686590518802404,0.004064000211656094,0.06309341639280319,0.02931164763867855,0.01321543287485838,0.014789070002734661,0.002620261861011386,0.051028113812208176,0.0019913248252123594,0.0012632043799385428,0.002793994266539812,0.010043441317975521,0.0006808082689531147,0.013533334247767925,0.002427733736112714,0.0011474097846075892,0.0031708120368421078,0.0004937367630191147,0.002118268981575966,0.0008184045436792076,0.002750882413238287,0.0008358004270121455,0.001694669364951551,0.002325979294255376,0.0012069426011294127,0.00031455105636268854,0.0005214466946199536,0.0028093247674405575,0.00032615053351037204,0.0014906709548085928,0.0034163598902523518,0.0015533609548583627,0.009885474108159542,0.007629274390637875,0.034018661826848984,0.0026038759388029575,0.009270606562495232,0.010902805253863335,0.0025705602020025253,0.0021271524019539356,0.02526399865746498,0.07171887904405594,0.3948717415332794,0.2705411911010742,0.16677050292491913,0.20438428223133087,0.0067606898956000805,0.000632191717159003,0.0023995486553758383,0.009465395472943783,0.014449951238930225,0.014012017287313938,0.008663437329232693,0.007826716639101505,0.03604636341333389
57.nii.gz,0.14950530230998993,0.04071082919836044,0.28687238693237305,0.44327810406684875,0.014508698135614395,0.023243267089128494,0.022191599011421204,0.021589156240224838,0.010619744658470154,0.7417847514152527,0.2104381024837494,0.7319510579109192,0.011894101276993752,0.6218209266662598,0.003059710143133998,0.6341121196746826,0.02195582166314125,0.011694788932800293,0.8014844059944153,0.2086169570684433,0.40184035897254944,0.4675999879837036,0.8789181709289551,0.5413511991500854,0.14153805375099182,0.9038187265396118,0.40447768568992615,0.8374066352844238,0.49664759635925293,0.42324498295783997,0.5621243715286255,0.437131404876709,0.6428696513175964,0.3693735599517822,0.6013434529304504,0.7099720239639282,0.6418371796607971,0.16049747169017792,0.01529333833605051,0.8144121766090393,0.02161981910467148,0.02408781833946705,0.012324404902756214,0.18451672792434692,0.02245601825416088,0.004802518058568239,0.0015695499023422599,0.0023488644510507584,0.0003235487383790314,0.00047253406955860555,0.0010512708686292171,0.0005308371037244797,6.803638825658709e-05,0.0022445761132985353,0.002828416647389531,6.981882324907929e-05,5.139901622897014e-05,0.0019515864551067352,2.8592661692528054e-05,0.5545908212661743,0.0010358509607613087,0.00039668940007686615,0.0003881162265315652,0.008341031149029732,0.018967369571328163,0.0067061372101306915,0.0052306996658444405,0.005639704409986734,0.009404430165886879,0.005622099619358778,0.0019374941475689411,0.006185255944728851,0.00932949036359787,0.004123452119529247,0.004133976064622402,0.00014775698946323246,0.00020040824892930686,0.007726949639618397,0.0015446397010236979,0.0007870765402913094,0.00010162789112655446,0.0006443248712457716,0.00034361419966444373,0.00020723634224850684,0.002030820120126009,0.0005709811812266707,0.0008249752572737634,0.025551985949277878,0.0086805559694767,0.019473083317279816,0.003141544060781598,0.00100334279704839,0.0064423466101288795,0.009144335053861141,0.06268388032913208,0.012683871202170849,0.013449408113956451,0.007627241779118776,0.019430823624134064,0.04382142052054405,0.03113318793475628,0.1146259605884552,0.01688915491104126,0.0004762918106280267,0.1993720382452011,0.004916915204375982,0.018913384526968002,0.004978295415639877,0.000788700592238456,0.006443119142204523,0.009884306229650974,0.05046815425157547,0.00023266796779353172,0.0018370680045336485,0.007908481173217297,0.00035776582080870867,5.318710827850737e-05,0.00018132299010176212,0.0013601642567664385,0.00049722840776667,0.0004290840879548341,0.0003646140394266695,0.0037014277186244726,0.010009298101067543,0.005715240258723497,0.024122316390275955,0.0022718256805092096,0.009321467950940132,0.0070559061132371426,0.0007347373757511377,0.020303906872868538,0.04244154691696167,0.008867122232913971,0.04744400084018707,0.014714912511408329,0.0023127419408410788,0.0030474683735519648,0.009614826180040836,0.0015733909094706178,0.0034638282377272844,0.0100979870185256,0.008631772361695766,0.04872402921319008,0.009238754399120808,0.00832243449985981,0.002502027666196227
58.nii.gz,0.03912388160824776,0.004513810854405165,0.009130346588790417,0.013055995106697083,0.5398973226547241,0.030415128916502,0.028823891654610634,0.670261800289154,0.7556636929512024,0.019988074898719788,0.052928466349840164,0.01875551976263523,0.0031317411921918392,0.01030538696795702,0.002143116667866707,0.11647330224514008,0.005017487332224846,0.003141427878290415,0.04863721877336502,0.01681591011583805,0.08024929463863373,0.03982719033956528,0.06336472928524017,0.08117824792861938,0.012187352403998375,0.1129293441772461,0.09337306767702103,0.01367984339594841,0.0685470849275589,0.05621825531125069,0.03478105366230011,0.04614171013236046,0.0979577824473381,0.17939630150794983,0.08998751640319824,0.049876898527145386,0.07460451871156693,0.06335202604532242,0.17927297949790955,0.03470452129840851,0.09616943448781967,0.05232095718383789,0.32403045892715454,0.8285607695579529,0.31213828921318054,0.0020080178510397673,0.0032867155969142914,0.0006389420013874769,0.00016652156773488969,0.00026937536313198507,0.001353924977593124,0.0015481403097510338,0.00013946907711215317,0.0017132292268797755,0.001513421069830656,4.461384378373623e-05,0.00014920480316504836,0.002681805519387126,0.00017725618090480566,0.008332791738212109,0.00145525427069515,0.0009709380683489144,0.00023553568462375551,0.038227539509534836,0.04647945612668991,0.0167671088129282,0.011507981456816196,0.04013168439269066,0.04214698448777199,0.04043525457382202,0.0038078101351857185,0.004720613360404968,0.04451936110854149,0.007433684077113867,0.0076009794138371944,0.00038773403503000736,0.0001306319609284401,0.006711640395224094,0.00413383636623621,0.0009444111492484808,0.00040903015178628266,0.0008490016916766763,0.0019142538076266646,0.0001387001248076558,0.008759744465351105,0.0019657970406115055,0.0027343921829015017,0.09001735597848892,0.020545030012726784,0.020942186936736107,0.008866979740560055,0.007910950109362602,0.009959930554032326,0.542149007320404,0.5227178335189819,0.03739923983812332,0.405447781085968,0.2339549958705902,0.38706669211387634,0.0024631102569401264,0.0016286233440041542,0.005553489550948143,0.004327830858528614,0.0016219475073739886,0.038997188210487366,0.004327204078435898,0.003655165433883667,0.0029797209426760674,0.0032517756335437298,0.009940547868609428,0.0010503277881070971,0.0036351645831018686,0.00019905573572032154,0.7075240612030029,0.4191962480545044,0.9600954055786133,0.9659280776977539,0.9565791487693787,0.9834079146385193,0.929351806640625,0.9619584083557129,0.9654911160469055,0.6424135565757751,0.01159935723990202,0.010114520788192749,0.00826344732195139,0.013662547804415226,0.011127348057925701,0.0013776965206488967,0.0016679696273058653,0.008786394260823727,0.029625652357935905,0.02778911590576172,0.031059741973876953,0.008253377862274647,0.002175847999751568,0.0030552870593965054,0.01917320303618908,0.06161719188094139,0.015030927024781704,0.08061842620372772,0.021673893555998802,0.015989357605576515,0.0770772323012352,0.07286032289266586,0.06295783817768097
59.nii.gz,0.0307882372289896,0.009581695310771465,0.035863470286130905,0.09406428784132004,0.017701799049973488,0.1844249665737152,0.18020004034042358,0.009106581099331379,0.004117833450436592,0.12458160519599915,0.1274011880159378,0.2894109785556793,0.011235090903937817,0.3256245255470276,0.015804070979356766,0.037026915699243546,0.008144079707562923,0.012258792296051979,0.1572485715150833,0.0150959063321352,0.24591106176376343,0.009073946624994278,0.03570275753736496,0.03142730891704559,0.027842441573739052,0.24180036783218384,0.31568029522895813,0.003671986050903797,0.03921496123075485,0.013094895519316196,0.0057922364212572575,0.012021495029330254,0.021106431260704994,0.09600532054901123,0.023455031216144562,0.013413279317319393,0.01473935879766941,0.14509479701519012,0.2100139558315277,0.009544269181787968,,,0.018757134675979614,0.142903670668602,0.028703933581709862,0.0024402460549026728,0.0002591298834886402,0.0007619833922944963,0.00020296915317885578,0.0002938596298918128,0.000499317713547498,0.0011659585870802402,0.00029240609728731215,0.007517571561038494,0.00297020236030221,1.7086395018850453e-05,0.00024835814838297665,0.0010396746220067143,6.793512147851288e-05,0.034726567566394806,9.605129162082449e-05,0.0003123143396805972,0.00020854616013821214,,,,,,,,,,,0.07238742709159851,0.08550901710987091,0.060657747089862823,0.019249187782406807,0.16208994388580322,0.029945895075798035,0.010954956524074078,0.005809964146465063,0.009772389195859432,0.011402423493564129,0.035080328583717346,0.050324857234954834,0.02262536622583866,0.02705886773765087,,,,,,,,,,,,,,,,,,,,,,,,,,,,,,,,,,,,,,,,,,,,,0.008053096011281013,0.006041506305336952,0.0637282207608223,0.017610667273402214,0.007992511615157127,0.00943188276141882,,,,,,,,,0.00587803078815341
6.nii.gz,0.008089742623269558,0.002834984799847007,0.0038696592673659325,0.007836894132196903,0.05040905252099037,0.016341470181941986,0.015397867187857628,0.023352326825261116,0.0806085467338562,0.0017834072932600975,0.011503572575747967,0.003915909677743912,0.0026565163861960173,0.0021193919237703085,0.00273014884442091,0.012804381549358368,0.003096585161983967,0.0028002613689750433,0.010359310545027256,0.0038184316363185644,0.0640377327799797,0.00139073864556849,0.00574603583663702,0.006760610267519951,0.004795524291694164,0.028853844851255417,0.06566204130649567,0.0025605249684304,0.01887199841439724,0.014234839007258415,0.005297938361763954,0.00571404816582799,0.028932396322488785,0.07350443303585052,0.013013383373618126,0.012428922578692436,0.01725935749709606,0.30676770210266113,0.1268441379070282,0.009432011283934116,0.058371350169181824,0.07787815481424332,0.027351677417755127,0.27868345379829407,0.050956614315509796,0.0016665132716298103,0.0002381083759246394,0.0002004629059229046,3.4942320780828595e-05,5.432281977846287e-05,0.0004981562960892916,0.0001150523530668579,2.4475557438563555e-05,0.001506295520812273,0.0013167158467695117,1.2174480616522487e-05,1.5704294128227048e-05,0.0018386688316240907,4.7556645768054295e-06,0.017703134566545486,0.0001442622160539031,7.208214810816571e-05,5.121240610606037e-05,0.010653686709702015,0.023275284096598625,0.010432260110974312,0.008908937685191631,0.00391365634277463,0.007222827523946762,0.003873951965942979,0.0028686041478067636,0.005837403237819672,0.010516718961298466,0.005273669492453337,0.005509065464138985,0.00023506456636823714,0.0005088707548566163,0.009676191955804825,0.005448031704872847,0.0011855079792439938,0.0003758303646463901,0.0010229801991954446,0.0013944933889433742,0.0004975619958713651,0.007159431930631399,0.0009029184002429247,0.001395941013470292,0.05168053135275841,0.013660709373652935,0.04092487692832947,0.00551641546189785,0.0018261942313984036,0.009216190315783024,0.03010730817914009,0.022173356264829636,0.017231525853276253,0.0248327124863863,0.00506147975102067,0.026972858235239983,0.047421034425497055,0.042079731822013855,0.006836793385446072,0.1624244898557663,0.006001985631883144,0.9506887793540955,0.026192327961325645,0.004194148816168308,0.028144989162683487,0.0024938248097896576,0.018542060628533363,0.007389843929558992,0.05746101588010788,0.0044860015623271465,0.006193262990564108,0.006857393775135279,0.003024145495146513,0.0008925938745960593,0.0005273882416076958,0.0031620662193745375,0.0005267955712042749,0.0036398391239345074,0.0034617551136761904,0.014086860232055187,0.006061781197786331,0.002114311559125781,0.005423940718173981,0.0014923128765076399,0.0057067107409238815,0.0011696607107296586,0.0004970201407559216,0.006725138518959284,,,,,,,0.0017613255186006427,0.0016001840122044086,0.0007606891449540854,0.014339536428451538,0.02415492944419384,0.02895408496260643,0.013211272656917572,0.012002333998680115,
60.nii.gz,0.13966378569602966,0.04182489961385727,0.025263551622629166,0.018627170473337173,0.07021653652191162,0.015300771221518517,0.014405017718672752,0.36900147795677185,0.09107150137424469,0.5073996186256409,0.09904830157756805,0.31723180413246155,0.023435108363628387,0.31449633836746216,0.012477060779929161,0.6647933721542358,0.048367809504270554,0.023118413984775543,0.4790700078010559,0.2014918178319931,0.013035126030445099,0.6510037183761597,0.39844924211502075,0.6431260704994202,0.08070748299360275,0.1432933658361435,0.04834258556365967,0.8846669793128967,0.6955125331878662,0.9160513281822205,0.9002164006233215,0.5703279972076416,0.8574910163879395,0.19520647823810577,0.5727110505104065,0.816821277141571,0.8684790730476379,0.016198767349123955,0.055549852550029755,0.844748854637146,0.18387667834758759,0.20296676456928253,0.056232962757349014,0.2313075065612793,0.13961412012577057,0.0024088681675493717,0.043037112802267075,0.004378366284072399,0.0022167430724948645,0.0031468048691749573,0.004511651583015919,0.008101623505353928,0.005168066825717688,0.0014690881362184882,0.0013133817119523883,0.0023650010116398335,0.006325839553028345,0.003951376304030418,0.009877802804112434,0.002631130861118436,0.09346898645162582,0.005991951562464237,0.0037475761491805315,0.2255726158618927,0.3505581021308899,0.05907861888408661,0.048619601875543594,0.18335166573524475,0.2169448286294937,0.18190161883831024,0.050181373953819275,0.029722679406404495,0.16642487049102783,0.002609814750030637,0.002700114157050848,0.03976932168006897,0.004975159652531147,0.006885788403451443,0.0014560617273673415,0.010856090113520622,0.002216355176642537,0.011232183314859867,0.0015191076090559363,0.005150950979441404,0.0015648098196834326,0.0028834985569119453,0.0036734899040311575,,,,,,,0.3537338078022003,0.24647828936576843,0.07297959178686142,0.00704334257170558,0.004791880026459694,0.022647816687822342,0.004819158464670181,0.003498509293422103,0.018195446580648422,0.009032943286001682,0.0024628618266433477,0.0003844263846985996,0.011105965822935104,0.011239706538617611,0.012788142077624798,0.008822001516819,0.02145169861614704,0.006640690844506025,0.006116536911576986,0.001155609148554504,0.01905355602502823,0.017377682030200958,0.001977149397134781,0.033399444073438644,0.0015811222838237882,0.10174369812011719,0.03459513559937477,0.0014512463239952922,0.002913230797275901,0.27675145864486694,0.06890787929296494,0.07868135720491409,0.07859502732753754,0.1461014598608017,0.06870342791080475,0.2569471001625061,0.29838138818740845,0.02521541900932789,,,,,,,,,,0.06850448995828629,0.30625906586647034,0.04366860166192055,0.06511706113815308,0.0614936389029026,
61.nii.gz,0.1568654626607895,0.07212966680526733,0.13782231509685516,0.19850823283195496,0.06403841823339462,0.035340484231710434,0.03439429774880409,0.10101989656686783,0.034124989062547684,0.01912005990743637,0.03395352140069008,0.01570255123078823,0.01372028049081564,0.012933999300003052,0.01740100234746933,0.1397732049226761,0.02051498182117939,0.013846195302903652,0.055987562984228134,0.04606242850422859,0.02035866491496563,0.07117821276187897,0.021089501678943634,0.1264384686946869,0.017473934218287468,0.014528190717101097,0.03152117878198624,0.039821404963731766,0.08946485072374344,0.0742514580488205,0.07433706521987915,0.07759600877761841,0.13209278881549835,0.03097090683877468,0.04505212604999542,0.08490291237831116,0.11235849559307098,0.06676922738552094,0.08202172815799713,0.043091073632240295,0.32549378275871277,0.3268742859363556,0.8005062341690063,0.9192973971366882,0.8613345623016357,0.11192666739225388,0.01368915569037199,0.01835855469107628,0.009608054533600807,0.012482109479606152,0.08354217559099197,0.02200838178396225,0.028045671060681343,0.05801965296268463,0.174321249127388,0.007688211277127266,0.02331552468240261,0.0692346841096878,0.04016311466693878,0.07923360913991928,0.19821667671203613,0.3946823179721832,0.02139773592352867,0.7939841151237488,0.8939167857170105,0.835756242275238,0.7858501076698303,0.6697030067443848,0.7421248555183411,0.6671760082244873,0.8744077682495117,0.5098118782043457,0.8314418196678162,0.13087798655033112,0.14190097153186798,0.9868116974830627,0.14356860518455505,0.19251830875873566,0.16546304523944855,0.1164015606045723,0.27705636620521545,0.13231657445430756,0.3456815183162689,0.08506909012794495,0.021299265325069427,0.06118955463171005,0.10417302697896957,0.21181660890579224,0.22298656404018402,0.0044868383556604385,0.09426401555538177,0.56666499376297,0.08608117699623108,0.26979947090148926,0.47100988030433655,0.10928276181221008,0.0527520477771759,0.06879706680774689,0.13579604029655457,0.025375261902809143,0.02475232072174549,0.009276059456169605,0.034564342349767685,0.004932199604809284,0.02917046658694744,0.009132418781518936,0.003721280489116907,0.007519297767430544,0.0035614497028291225,0.007536087650805712,0.004726316314190626,0.030394433066248894,0.002841327106580138,0.07752539962530136,0.10655257850885391,0.005817537195980549,0.18321004509925842,0.02131420187652111,0.11437880992889404,0.21685691177845,0.003986718598753214,0.009264571592211723,0.26745128631591797,0.0956818237900734,0.09959235042333603,0.13299474120140076,0.0790802612900734,0.09298668056726456,0.0471595861017704,0.3785291314125061,0.010396608151495457,0.10440745949745178,0.02198582887649536,0.023645056411623955,0.009547415189445019,0.010978407226502895,0.015037422999739647,0.07473596930503845,0.09135317802429199,0.0432555228471756,0.7807875871658325,0.7756360173225403,0.5356969833374023,0.7840895652770996,0.7869862914085388,0.01911575347185135
62.nii.gz,0.08074525743722916,0.025504743680357933,0.04184116795659065,0.06120581552386284,0.021918078884482384,0.017995823174715042,0.016765529289841652,0.022838596254587173,0.03513344004750252,0.0011898091761395335,0.0056775775738060474,0.0009944253833964467,0.0013163270195946097,0.0008143907762132585,0.0015079273143783212,0.005215225275605917,0.002260479610413313,0.0013303610030561686,0.0033845582511276007,0.002336590550839901,0.0011541512794792652,0.0019167072605341673,0.0009588169632479548,0.004301099106669426,0.002104173880070448,0.0026660719886422157,0.0063753132708370686,0.017175089567899704,0.19954924285411835,0.19444476068019867,0.0635947436094284,0.059840574860572815,0.11400318145751953,0.10556067526340485,0.05093095451593399,0.09834012389183044,0.09797190129756927,0.11645521223545074,0.27741265296936035,0.05600975453853607,0.03206557035446167,0.015098487958312035,0.0031254992354661226,0.07682293653488159,0.013022207655012608,0.00768323615193367,0.0016330742510035634,0.07457516342401505,0.10754788666963577,0.09945514053106308,0.15227635204792023,0.0017546896124258637,0.006415078416466713,0.0014200459700077772,0.0014852668391540647,0.8625087141990662,0.005359563045203686,0.07146181166172028,0.1656065136194229,0.007417724467813969,0.2525060474872589,0.2105526626110077,0.14730922877788544,0.016967978328466415,0.0169792752712965,0.018458718433976173,0.013352001085877419,0.00923431757837534,0.014083834365010262,0.009233614429831505,0.008896205574274063,0.01278179232031107,0.019957633689045906,0.0015976082067936659,0.0016703208675608039,0.0006695198244415224,0.0002297762403031811,0.0027317216154187918,0.0032351112458854914,0.0010855792788788676,0.0001724189060041681,0.0010038934415206313,0.0003293112386018038,0.00021812660270370543,0.0003705713024828583,0.0016953358426690102,0.0024118954315781593,0.008539113216102123,0.0041588591411709785,0.013584999367594719,0.0022088387049734592,0.001206971355713904,0.0036989387590438128,0.013041556812822819,0.005409639328718185,0.06044763699173927,0.004102328326553106,0.0017242233734577894,0.01308452244848013,0.0015644603408873081,0.0013544943649321795,0.003171482589095831,0.005210937466472387,0.0058158389292657375,0.053547922521829605,0.006635101046413183,0.003561850404366851,0.004436820279806852,0.020583191886544228,0.0035888163838535547,0.0013796333223581314,0.0020880161318928003,0.00031040533212944865,0.0008001370588317513,0.0015704811085015535,0.00013619649689644575,0.0004018664767500013,5.3598356316797435e-05,0.004189983941614628,0.0008261166512966156,0.0001405894581694156,0.0004323194152675569,0.004337296821177006,0.003961848095059395,0.032680343836545944,0.009007913991808891,0.005037891678512096,0.003891745349392295,0.06721612066030502,0.00313964975066483,0.0061509921215474606,,,,,,,0.011105704121291637,0.015766525641083717,0.006497827358543873,0.048082929104566574,0.05387361720204353,0.02790902927517891,0.04541570320725441,0.04241618514060974,
63.nii.gz,0.044673655182123184,0.014299135655164719,0.01805783435702324,0.023705894127488136,0.19655025005340576,0.042023081332445145,0.040967315435409546,0.5378979444503784,0.5909205675125122,0.01273098960518837,0.15187020599842072,0.022060547024011612,0.0008848886936903,0.011775007471442223,0.0007460812921635807,0.08435124158859253,0.0011260954197496176,0.0008997460827231407,0.12226046621799469,0.005600146949291229,0.04405078664422035,0.018132057040929794,0.0757598876953125,0.04735080525279045,0.006658988073468208,0.11950541287660599,0.2409418672323227,0.024122238159179688,0.04426382854580879,0.12727361917495728,0.057106535881757736,0.015143537893891335,0.13743376731872559,0.29243019223213196,0.0694347396492958,0.11296329647302628,0.10899399220943451,0.051509078592061996,0.04656895250082016,0.07578065246343613,0.030364729464054108,0.009629507549107075,0.0026045450940728188,0.2644273638725281,0.008626261726021767,0.010326826013624668,0.014344911091029644,0.009903191588819027,0.001513393595814705,0.002693112473934889,0.0045575909316539764,0.003153090365231037,0.004211930092424154,0.01791997067630291,0.004904018249362707,0.0003009409992955625,0.0032935680355876684,0.011494569480419159,0.000353365670889616,0.7593467235565186,0.04139529913663864,0.0014293873682618141,0.002133889589458704,0.007750665303319693,0.02466832660138607,0.006266272626817226,0.004792121239006519,0.010332735255360603,0.01909182220697403,0.01032083947211504,0.0024461362045258284,0.0026108650490641594,0.01108536310493946,0.00544568058103323,0.005829229019582272,0.0016317369882017374,0.00047365270438604057,0.01287362165749073,0.005110556725412607,0.0016056217718869448,0.0007863093633204699,0.001558883348479867,0.0022276148665696383,0.00037601636722683907,0.015640608966350555,0.001622716779820621,0.0022497752215713263,0.03427637740969658,0.022830171510577202,0.12181834131479263,0.01890614628791809,0.005139094311743975,0.022555500268936157,0.6171877384185791,0.06323277950286865,0.24640773236751556,0.0052334400825202465,0.0023118818644434214,0.036685388535261154,0.029239190742373466,0.018807221204042435,0.021208381280303,0.07382902503013611,0.006748862564563751,0.001206289860419929,0.03584927320480347,0.012647301889955997,0.07138128578662872,0.005509728565812111,0.27887216210365295,0.025224104523658752,0.034800417721271515,0.036253269761800766,0.5900614857673645,0.15090546011924744,0.997833788394928,0.29373231530189514,0.9967697858810425,0.2655588984489441,0.17855161428451538,0.998725950717926,0.9967557787895203,0.13303060829639435,0.11494671553373337,0.13028274476528168,0.10802499204874039,0.751933217048645,0.11868707090616226,0.09792478382587433,0.4305391311645508,0.010131443850696087,0.01188310980796814,0.03507355973124504,0.025785109028220177,0.006178518757224083,0.011423476040363312,0.015605820342898369,0.03583892062306404,0.02690615877509117,0.022893346846103668,0.0437924861907959,0.018983222544193268,0.02599392458796501,0.04131333902478218,0.03849044069647789,0.604026198387146
64.nii.gz,0.01408996619284153,0.01045361626893282,0.004362533334642649,0.010875442065298557,0.05244250223040581,0.07416146993637085,0.07091549038887024,0.03582259640097618,0.016104936599731445,0.009223968721926212,0.019453037530183792,0.008424385450780392,0.002772592008113861,0.011888150125741959,0.010664528235793114,0.02068113163113594,0.0020356441382318735,0.0030609744135290384,0.003153048688545823,0.0060490937903523445,0.004759794566780329,0.004536906722933054,0.0027359607629477978,0.01649187132716179,0.004169628489762545,0.02598985657095909,0.019010087475180626,0.008348965086042881,0.15402601659297943,0.08205306529998779,0.03759179636836052,0.057004764676094055,0.10372869670391083,0.1179061010479927,0.053277548402547836,0.02781178057193756,0.07418108731508255,0.23735998570919037,0.21325069665908813,0.018422629684209824,,,,,,0.001886327168904245,0.0012963840272277594,0.002146294340491295,0.0008040369721129537,0.0011271469993516803,0.001052962732501328,0.0025080100167542696,0.0007576776552014053,0.002794892294332385,0.0014989267801865935,0.00010153355106012896,0.0007920299540273845,0.0013392535038292408,0.0006291580502875149,0.01481426041573286,0.0005858269287273288,0.0009781188564375043,0.000809492077678442,,,,,,,,,,,0.005018697120249271,0.0054807038977742195,0.0201401449739933,0.006733983289450407,0.013989387080073357,0.006778583396226168,0.001879798248410225,0.0013625522842630744,0.0018977317959070206,0.003198616672307253,0.010728312656283379,0.002590443240478635,0.0032178680412471294,0.004263089969754219,,,,,,,,,,,,,,,,,,,,,,,,,,,,,,,,,,,,,,,,,,,,,0.040830302983522415,0.1564553678035736,0.0225830115377903,0.007953299209475517,0.013066665269434452,0.010277407243847847,,,,,,,,,0.0015397018287330866
65.nii.gz,0.09259176254272461,0.05488157272338867,0.0464048907160759,0.06948795914649963,,,,,,0.0086227310821414,0.08158735185861588,0.00598767027258873,0.004443053156137466,0.003379187313839793,0.007534489966928959,0.014798264019191265,0.004239909816533327,0.004729215055704117,0.004412226844578981,0.006981376092880964,0.8843492269515991,0.003961306996643543,0.008101784624159336,0.012316328473389149,0.010770647786557674,0.10663124918937683,0.3275240957736969,0.004788068123161793,0.024776950478553772,0.007896212860941887,0.006287565920501947,0.014828026294708252,0.03191855922341347,0.10707273334264755,0.03713914006948471,0.010964064858853817,0.019154058769345284,0.2039138227701187,0.03574323281645775,0.0094318687915802,,,,,,0.0052729407325387,0.0013109646970406175,0.0015108018415048718,0.0004412937560118735,0.000627877947408706,0.0017437165370211005,0.0025091401766985655,0.0005517179379239678,0.008631772361695766,0.005524966865777969,6.324366404442117e-05,0.00046622988884337246,0.0027523902244865894,0.0002517744433134794,0.027775749564170837,0.0012469212524592876,0.001516516786068678,0.0005729981348849833,,,,,,,,,,,0.004526899661868811,0.004697469528764486,0.0031014964915812016,0.0016595867928117514,0.009797087870538235,0.004338678903877735,0.001501905033364892,0.0004537944041658193,0.0014542595017701387,0.0010358390863984823,0.0024281274527311325,0.0027051728684455156,0.0017018966609612107,0.0021844368893653154,,,,,,,,,,,,,,,,,,,,,,,,,,,,,,,,,,,,,,,,,,,,,0.013385304249823093,0.009784753434360027,0.14096325635910034,0.06553980708122253,0.01124151237308979,0.011167020536959171,,,,,,,,,0.006460712756961584
66.nii.gz,0.32177647948265076,0.20622585713863373,0.5527103543281555,0.6378732323646545,0.06696819514036179,0.027580805122852325,0.02635982818901539,0.022658325731754303,0.06019509956240654,0.00447087362408638,0.03170540928840637,0.020812703296542168,0.004302443470805883,0.01490005012601614,0.0066117639653384686,0.012079472653567791,0.003086967160925269,0.0046974108554422855,0.025811996310949326,0.004437972791492939,0.11494836956262589,0.0013375316048040986,0.0033290961291640997,0.008085496723651886,0.005201185587793589,0.010833644308149815,0.037113357335329056,0.0010451329872012138,0.005505422130227089,0.002856831531971693,0.0015484322793781757,0.00520484009757638,0.012747546657919884,0.07414989173412323,0.010573201812803745,0.00489282701164484,0.007018262054771185,0.14039288461208344,0.04475605487823486,0.0033881114795804024,0.07004991918802261,0.2399599552154541,0.049828168004751205,0.45867982506752014,0.06420613080263138,0.005057439673691988,0.0007780060404911637,0.04359365627169609,0.039750609546899796,0.03962824121117592,0.04786391928792,0.0027751903980970383,0.011122836731374264,0.001914720400236547,0.0014778660843148828,0.026387877762317657,0.009462499059736729,0.05894685909152031,0.007675318978726864,0.011043419130146503,0.0176866315305233,0.04180242866277695,0.039863549172878265,0.01781199499964714,0.019882529973983765,0.018859516829252243,0.0145262461155653,0.00587893882766366,0.008422693237662315,0.005844356492161751,0.005696376785635948,0.020815888419747353,0.017100226134061813,0.2065267711877823,0.21590907871723175,0.0014923568814992905,0.000637427787296474,0.17584724724292755,0.05493340641260147,0.0015844708541408181,0.0003390206256881356,0.001068693120032549,0.006532298866659403,0.000752188905607909,0.12005212157964706,0.017619676887989044,0.021184224635362625,0.043298956006765366,0.020143210887908936,0.06823614239692688,0.010601984336972237,0.0026076496578752995,0.011797438375651836,0.1459665447473526,0.020260203629732132,0.14432424306869507,0.05000884458422661,0.016586272045969963,0.15147821605205536,,,,,,,,,,,,,,,0.011411811225116253,0.039765700697898865,0.0010545578552410007,0.0013972257729619741,0.00038779209717176855,0.007805276662111282,0.006767868995666504,0.0013583943946287036,0.0022694761864840984,0.003153563942760229,0.030905960127711296,0.008887196891009808,0.04611964523792267,0.013810125179588795,0.03098609484732151,0.5468152761459351,0.0230585765093565,0.05014132708311081,0.2950163185596466,0.02544071339070797,0.20859158039093018,0.15154872834682465,0.01443558931350708,0.011854936368763447,0.26114192605018616,0.021619824692606926,0.11642574518918991,0.12182404100894928,0.08120135217905045,0.6600965857505798,0.11710740625858307,0.1110430508852005,0.06974494457244873
67.nii.gz,,,,,,,,,,0.9803901314735413,0.1917364001274109,0.9568820595741272,0.905860185623169,0.973011314868927,0.962674081325531,0.88991779088974,0.8212546706199646,0.8981669545173645,0.9651148915290833,0.9807782173156738,0.13474591076374054,0.9877150058746338,0.9914065599441528,0.9251142740249634,0.9422611594200134,0.6754988431930542,0.05730685591697693,0.6959806680679321,0.7706236243247986,0.5765231251716614,0.6000400185585022,0.6874653697013855,0.5428319573402405,0.20416322350502014,0.4823504686355591,0.7083039283752441,0.5729830861091614,0.13567213714122772,0.16016487777233124,0.6763505935668945,,,,,,,,,,,,,,,,,,,,,,,,0.13436059653759003,0.25567469000816345,0.0898219645023346,0.07813770323991776,0.31659892201423645,0.33033132553100586,0.3183482587337494,0.14292223751544952,0.03362397104501724,0.17867183685302734,,,,,,,,,,,,,,,,,,,,,,,,,,,,,,,,,,,,,,,,,,,,,,,,,,,0.41132619976997375,0.10741740465164185,0.4526270627975464,0.4436491131782532,0.4115312695503235,0.4395802915096283,0.787647545337677,0.12976886332035065,0.050739504396915436,0.06157911941409111,0.11217030882835388,0.07692316919565201,0.05408220365643501,0.0844370499253273,,,,,,,,,0.012740162201225758
68.nii.gz,0.11918505281209946,0.03688148036599159,0.3957201838493347,0.6216903328895569,0.00631649000570178,0.13506540656089783,0.133652001619339,0.009204050526022911,0.006796066649258137,0.004251061473041773,0.2315589338541031,0.007391950115561485,0.0037057665176689625,0.0032639678101986647,0.009080251678824425,0.008278082124888897,0.0019157669739797711,0.004167653154581785,0.009113701991736889,0.003025524318218231,0.9853459596633911,0.0008380588842555881,0.0028967715334147215,0.006000375375151634,0.005982027854770422,0.06365637481212616,0.7175795435905457,0.002575675491243601,0.006869366858154535,0.004339719191193581,0.0013729202328249812,0.006923182867467403,0.015446452423930168,0.10766252130270004,0.016300980001688004,0.009421512484550476,0.00805091392248869,0.11815893650054932,0.03348047658801079,0.00784502923488617,0.0294298455119133,0.040246542543172836,0.00760623998939991,0.05753086134791374,0.010767517611384392,0.0004949170397594571,0.00031710858456790447,5.3866799134993926e-05,1.3652173038281035e-05,2.0988900359952822e-05,0.00018596492009237409,0.0001569530286360532,9.09025675355224e-06,0.0005135088576935232,0.0005157521227374673,1.911778326757485e-06,7.410474154312396e-06,0.0009960277238860726,1.2628332797248731e-06,0.00042131272493861616,1.8453360098646954e-05,2.873250559787266e-05,1.637217792449519e-05,0.014692336320877075,0.01131998561322689,0.011622839607298374,0.008914333768188953,0.007880330085754395,0.007549331057816744,0.007919203490018845,0.0018944860203191638,0.010341023094952106,0.01466346811503172,0.019264405593276024,0.01835612580180168,6.61128360661678e-05,0.0006587934913113713,0.014599272049963474,0.012440530583262444,0.024678826332092285,0.0010034929728135467,0.017344988882541656,0.0013183533446863294,0.0004700504068750888,0.03906886652112007,0.0014704898931086063,0.0022946116514503956,0.1606067717075348,0.033413685858249664,0.028510011732578278,0.014856900088489056,0.004421511199325323,0.02633940428495407,0.0439215749502182,0.09739236533641815,0.028457878157496452,0.01040735188871622,0.0016699765110388398,0.033026307821273804,0.004332731943577528,0.004071225877851248,0.003155853832140565,0.009082071483135223,0.00015694060130044818,0.31171682476997375,0.002316286088898778,0.002786688506603241,0.0018189791589975357,0.0003747634473256767,0.0011353965383023024,0.0009842728031799197,0.005900276824831963,4.7142981202341616e-05,0.002984563820064068,0.019287610426545143,0.00019355725089553744,0.00012100023741368204,9.368317114422098e-05,0.002636181190609932,0.00030525552574545145,0.00023431805311702192,0.0003720108652487397,0.0034712941851466894,0.005539657548069954,0.00476305466145277,0.00877411849796772,0.0005179730942472816,0.005063776392489672,0.0004077519115526229,0.0002164094621548429,0.015995647758245468,0.09419325739145279,0.8442465662956238,0.017268873751163483,0.0034015923738479614,0.10493774712085724,0.08784808218479156,0.007194605655968189,0.00043780929991044104,0.001764853484928608,0.011466694995760918,0.03361676260828972,0.06341858208179474,0.010491150431334972,0.009443317539989948,0.013673211447894573
69.nii.gz,0.3405197560787201,0.19981011748313904,0.34509021043777466,0.3865201473236084,0.042917221784591675,0.02910943515598774,0.02707437053322792,0.035677071660757065,0.2897695302963257,0.07580407708883286,0.10886161774396896,0.2637282609939575,0.013843780383467674,0.3657984137535095,0.09596598893404007,0.035586558282375336,0.003215368837118149,0.015525599010288715,0.14161737263202667,0.014778339304029942,0.022819766774773598,0.009974634274840355,0.0257057324051857,0.0307734664529562,0.022677145898342133,0.03269476071000099,0.03886586055159569,0.0035828002728521824,0.02351774089038372,0.030658798292279243,0.008592594414949417,0.004667149391025305,0.03840389847755432,0.16036494076251984,0.011887310072779655,0.01758601702749729,0.02219592034816742,0.1434907615184784,0.05882061645388603,0.016144318506121635,0.026693804189562798,0.020452843979001045,0.01273832656443119,0.17975153028964996,0.02167421393096447,0.00044695442193187773,0.00012692062591668218,8.048935706028715e-05,1.8966684365295805e-05,3.0286983019323088e-05,0.00010729613859439269,8.010114106582478e-05,1.2050766599713825e-05,0.00034170850994996727,0.0005069438484497368,1.3183802138883038e-06,8.212675311369821e-06,0.0003922795585822314,7.282700948962884e-07,0.0009974859422072768,2.321250030945521e-05,1.9060429622186348e-05,2.1486732293851674e-05,0.014762753620743752,0.021743349730968475,0.014082305133342743,0.010132410563528538,0.010007706470787525,0.012908377684652805,0.00999880488961935,0.002196982502937317,0.05816122144460678,0.01663821190595627,0.032309457659721375,0.03212670236825943,0.3530133366584778,0.9800580739974976,0.05958646908402443,0.12185709178447723,0.2856580913066864,0.46180522441864014,0.3284708261489868,0.43953976035118103,0.99577397108078,0.47624239325523376,0.07925445586442947,0.0813186764717102,0.01785404607653618,0.012613857164978981,0.08739027380943298,0.006994783878326416,0.0030292172450572252,0.005372611805796623,0.05562685802578926,0.009859501384198666,0.011673529632389545,0.02585805580019951,0.0023026568815112114,0.024028558284044266,0.0019335561664775014,0.0014605465112254024,0.007534104865044355,0.0035764635540544987,0.00036870595067739487,0.12784260511398315,0.001555580529384315,0.0024531097151339054,0.0013596966164186597,0.0005953956861048937,0.001220094389282167,0.0007562973769381642,0.0027156388387084007,8.571810758439824e-05,0.006866498850286007,0.019757598638534546,0.0012651332654058933,0.0007560177473351359,0.0008029136806726456,0.011863195337355137,0.00032761303009465337,0.0013696652604267001,0.0017485712887719274,0.0076908390037715435,0.016304191201925278,0.007315215189009905,0.03854037821292877,0.0035064229741692543,0.015137395821511745,0.004375218413770199,0.0014279315946623683,0.009989887475967407,0.018847621977329254,0.008228475227952003,0.023748978972434998,0.007323849480599165,0.007754663471132517,0.007853442803025246,0.0050635309889912605,0.0015084530459716916,0.0023207985796034336,0.009048291482031345,0.04539579898118973,0.07001761347055435,0.008250708691775799,0.007411231752485037,0.002950230147689581
7.nii.gz,0.004050298593938351,0.0012669439893215895,0.001253728405572474,0.0037033064290881157,0.024102048948407173,0.023296164348721504,0.022136220708489418,0.01664385385811329,0.029159246012568474,0.001359927817247808,0.0036152831744402647,0.0015542273176833987,0.0008285811636596918,0.0012222821824252605,0.0009994993451982737,0.0047416090965271,0.0008924144203774631,0.0008853786857798696,0.0027625178918242455,0.0009877767879515886,0.003617721376940608,0.0005763123044744134,0.0008459266973659396,0.0030342545360326767,0.0013016967568546534,0.008051324635744095,0.01786056160926819,0.0007482642540708184,0.009279860183596611,0.0048667010851204395,0.003543372033163905,0.003440157976001501,0.015077782794833183,0.021113190799951553,0.00655154325067997,0.00377311697229743,0.00961921364068985,0.12026674300432205,0.06351344287395477,0.0018416449893265963,0.02481517568230629,0.010997611097991467,0.0138555271551013,0.06124527007341385,0.02037697657942772,0.0002910630137193948,7.43540222174488e-05,2.874593519663904e-05,6.512198524433188e-06,9.924421647156123e-06,0.00011284643551334739,4.8495945520699024e-05,6.719276370859006e-06,0.00022387570061255246,0.0002774587192106992,5.499828148458619e-06,5.415361556515563e-06,0.0006064919871278107,2.2939188966120128e-06,0.0009437307599000633,4.3400210415711626e-05,1.0011621270678006e-05,9.425579264643602e-06,0.01048882957547903,0.011375192552804947,0.009533388540148735,0.007779262959957123,0.007462048903107643,0.007569857873022556,0.0074951560236513615,0.0027584393974393606,0.004562001675367355,0.012157835066318512,0.0025182347744703293,0.002391219139099121,5.983849041513167e-05,7.354335684794933e-05,0.0028368020430207253,0.0008253113483078778,0.0003122988564427942,9.601557394489646e-05,0.0002542574948165566,0.0006913669058121741,5.375663022277877e-05,0.02236253395676613,0.0007436741725541651,0.0009671449079178274,0.016212642192840576,0.0055463602766394615,0.013440204784274101,0.004355897661298513,0.0007568965665996075,0.010485291481018066,0.01849174313247204,0.0026966624427586794,0.02288634330034256,0.00867895595729351,0.0018219503108412027,0.07945118844509125,0.0008999526617117226,0.0007407484808936715,0.0008856335771270096,0.0011053170310333371,0.00017284789646510035,0.030024809762835503,0.0005830450099892914,0.0007094456232152879,0.0004983496037311852,0.0003190393326804042,0.0008820329676382244,0.0002943601575680077,0.0014149730559438467,4.710118446382694e-05,0.002185900928452611,0.003876438597217202,0.0005496397498063743,0.00033308914862573147,0.00013167633733246475,0.0019589075818657875,0.0001486625988036394,0.0006799277034588158,0.001982738496735692,0.0011981077259406447,0.007710050791501999,0.01643437147140503,0.012558430433273315,0.0010999123333021998,0.007294921670109034,0.04645149037241936,0.006703841034322977,0.003114882856607437,,,,,,,0.001606492092832923,0.0007018843898549676,0.000652466609608382,0.014889211393892765,0.026137080043554306,0.007258996367454529,0.013730446808040142,0.012496553361415863,
70.nii.gz,0.008969253860414028,0.003965348470956087,0.0012482545571401715,0.0029055741615593433,0.01890079863369465,0.02338668704032898,0.021997829899191856,0.04377633333206177,0.09006421267986298,0.004340054467320442,0.008401846513152122,0.0038081249222159386,0.0019157305359840393,0.0033467060420662165,0.002549133263528347,0.017676932737231255,0.002299789572134614,0.0019912670832127333,0.008215033449232578,0.004009872209280729,0.0029676121193915606,0.0035908836871385574,0.004494735971093178,0.01174418069422245,0.0038985612336546183,0.021891362965106964,0.03280226141214371,0.007319607771933079,0.025270048528909683,0.030889594927430153,0.011869853362441063,0.010176370851695538,0.038975995033979416,0.06842612475156784,0.02501676417887211,0.020025426521897316,0.024853698909282684,0.02500341832637787,0.06991732120513916,0.015010812319815159,0.010734635405242443,0.020693138241767883,0.02442573755979538,0.08083111047744751,0.03899938613176346,0.0005144212045706809,0.0002808424469549209,0.00022071301646064967,7.909639680292457e-05,0.00010940014180960134,0.00039921043207868934,7.764317706460133e-05,1.898422124213539e-05,0.000211931619560346,0.00032113297493197024,6.506724457722157e-05,1.4576900866813958e-05,0.0009420867427252233,9.140554539044388e-06,0.0005455248174257576,0.0004377590084914118,6.963025953155011e-05,9.791044431040064e-05,0.016662290319800377,0.020575949922204018,0.016462374478578568,0.013281984254717827,0.006560388021171093,0.00866156630218029,0.006551549769937992,0.004462874494493008,0.008134636096656322,0.016704795882105827,0.001487290719524026,0.0014224600745365024,7.497960177715868e-05,0.00010522366937948391,0.0018940926529467106,0.0008092522039078176,0.0006522334879264235,9.817474347073585e-05,0.0005202018655836582,0.000270146963885054,9.584506187820807e-05,0.001554927323013544,0.0004199538379907608,0.000577819359023124,0.007624276448041201,0.003964981064200401,0.006711548659950495,0.002499062567949295,0.0017094021895900369,0.0022426953073590994,0.07091359049081802,0.021161267533898354,0.026845669373869896,0.005334749817848206,0.0013018157333135605,0.00899943895637989,0.0028050094842910767,0.001677410094998777,0.0010150291491299868,0.014840875752270222,0.0006660030921921134,0.010529597289860249,0.002921523991972208,0.0007479602936655283,0.003670375794172287,0.0007310845539905131,0.004641731735318899,0.0007320703007280827,0.0035071028396487236,0.0003891611995641142,0.0020478006917983294,0.004541012924164534,0.0023198449052870274,0.0003657930647023022,0.008583899587392807,0.0017661527963355184,0.0003816814278252423,0.0032461395021528006,0.007909252308309078,0.0015661221696063876,0.006202997174113989,0.0075722336769104,0.010027856566011906,0.0020712486002594233,0.005904711317270994,0.03793622925877571,0.003282992634922266,0.0036413443740457296,,,,,,,0.004034868441522121,0.0019424952333793044,0.0013930652057752013,0.008334974758327007,0.008974184282124043,0.02299046888947487,0.007613712456077337,0.006851274985820055,
71.nii.gz,0.09529272466897964,0.0360892154276371,0.16321301460266113,0.3580319583415985,0.01786695420742035,0.023813601583242416,0.022733114659786224,0.051247209310531616,0.028546353802084923,0.006694867741316557,0.029618797823786736,0.014400056563317776,0.004156717099249363,0.011318864300847054,0.006729663349688053,0.02221972495317459,0.0032543870620429516,0.0045932200737297535,0.014352787286043167,0.003429649630561471,0.14133775234222412,0.0016746274195611477,0.0055481805466115475,0.014612491242587566,0.006157738156616688,0.135732501745224,0.4122593402862549,0.0015626633539795876,0.00960555486381054,0.0028957067988812923,0.001225586049258709,0.008668188937008381,0.008579005487263203,0.06205270439386368,0.014355032704770565,0.005554982926696539,0.005570326466113329,0.12281852215528488,0.11050085723400116,0.004994486924260855,0.018261585384607315,0.1051853746175766,0.01861233077943325,0.1711852252483368,0.025704504922032356,0.0011118382681161165,0.00016340157890226692,0.00012585896183736622,3.8192749343579635e-05,5.332026194082573e-05,0.0002189271035604179,6.594967999262735e-05,4.114862804271979e-06,0.0006408795597963035,0.001880455994978547,3.592354005377274e-06,2.6932416403724346e-06,0.0014459077501669526,6.404421242223179e-07,0.0013706067111343145,1.5935023839119822e-05,1.9223005438107066e-05,3.3586380595806986e-05,0.01587834395468235,0.015171356499195099,0.016516245901584625,0.011752374470233917,0.005531273316591978,0.006951246876269579,0.00552961602807045,0.00403121393173933,0.0070039345882833,0.017089778557419777,0.23673337697982788,0.25834921002388,0.0002113847149303183,0.0009141885093413293,0.13761214911937714,0.05769061669707298,0.013938888907432556,0.0042442143894732,0.009961443953216076,0.01770165003836155,0.0006412614020518959,0.2006141096353531,0.005507920403033495,0.008569756522774696,0.3619648814201355,0.12064100056886673,0.14336185157299042,0.07488985359668732,0.015075277537107468,0.019671184942126274,0.01637842506170273,0.007777172606438398,0.016591310501098633,0.006732012610882521,0.0016474362928420305,0.06196679547429085,0.0020033284090459347,0.0016813176916912198,0.0018186259549111128,0.0018378779059275985,8.901732508093119e-05,0.1080961674451828,0.000895822246093303,0.0021092009264975786,0.0007780371233820915,0.0002762748335953802,0.0017504394054412842,0.0006058905855752528,0.0030968589708209038,2.6220881409244612e-05,0.0038878638297319412,0.010816346853971481,0.0006229637074284256,0.0006024081376381218,0.00015859703125897795,0.0040725586004555225,0.0004658442921936512,0.0006951204850338399,0.0012503504985943437,0.004852494224905968,0.007624478079378605,0.0037552819121629,0.010250521823763847,0.0004170594329480082,0.006935485173016787,0.001544554834254086,0.0004000189946964383,0.00438392860814929,0.012549841776490211,0.05098741874098778,0.0410885289311409,0.009347417391836643,0.0028224075213074684,0.0034202488604933023,0.008982482366263866,0.0006546226795762777,0.0026377374306321144,0.017314782366156578,0.006512792315334082,0.03253382071852684,0.016018494963645935,0.014588513411581516,0.03353803604841232
8.nii.gz,0.018410315737128258,0.009980927221477032,0.012243207544088364,0.034264903515577316,0.011107721365988255,0.07853713631629944,0.07814278453588486,0.008070021867752075,0.004338979255408049,0.018670253455638885,0.04907538369297981,0.04419540986418724,0.004432161804288626,0.021577518433332443,0.0020241932943463326,0.07395361363887787,0.007185786031186581,0.004411447327584028,0.45574599504470825,0.020715102553367615,0.025680314749479294,0.024808160960674286,0.04485294967889786,0.05413113534450531,0.015299953520298004,0.028639111667871475,0.07312082499265671,0.010528548620641232,0.023149846121668816,0.08507885038852692,0.03752875700592995,0.011686068028211594,0.13834156095981598,0.2263699322938919,0.040991608053445816,0.0998610258102417,0.09400222450494766,0.0554409958422184,0.02522129751741886,0.03757376968860626,0.13351285457611084,0.02190510183572769,0.5911980867385864,0.6053973436355591,0.6388466954231262,0.06867073476314545,0.5354242920875549,0.970339834690094,0.9943779110908508,0.9927540421485901,0.14633697271347046,0.09569437056779861,0.20722408592700958,0.02468523569405079,0.048101652413606644,0.9499886631965637,0.2537507116794586,0.08434084057807922,0.485495388507843,0.032594479620456696,0.526920735836029,0.05106278136372566,0.9705407619476318,0.24091339111328125,0.09820526093244553,0.4946645498275757,0.4410470724105835,0.025808556005358696,0.039207279682159424,0.025539947673678398,0.041735704988241196,0.8568150401115417,0.15558964014053345,0.012620254419744015,0.012704404070973396,0.0027478758711367846,0.0026145156007260084,0.009167032316327095,0.07252664864063263,0.0066079325042665005,0.001283131306990981,0.005865777842700481,0.004148250445723534,0.003222336061298847,0.006140230689197779,0.026142219081521034,0.026562027633190155,0.048626046627759933,0.02755739912390709,0.005460667889565229,0.0141508299857378,0.01550524216145277,0.010621588677167892,0.7520670294761658,0.09954879432916641,0.963300347328186,0.05028470605611801,0.02321889065206051,0.08713535964488983,0.015289803966879845,0.013895910233259201,0.06180848553776741,0.12110988795757294,0.010302668437361717,0.11649017035961151,0.08083118498325348,0.01792076788842678,0.05079339072108269,0.027204018086194992,0.005944077391177416,0.008662793785333633,0.020814092829823494,0.0035685619805008173,0.009590347297489643,0.027188243344426155,0.003241058439016342,0.00089078932069242,0.0016381971072405577,0.005837168078869581,0.0019895685836672783,0.00349080259911716,0.004310589283704758,0.021396242082118988,0.4705933928489685,0.27332058548927307,0.43247586488723755,0.903033435344696,0.49732890725135803,0.9885368347167969,0.874411940574646,0.1258486956357956,,,,,,,0.9936244487762451,0.9966747760772705,0.9958974123001099,0.8167845606803894,0.529039740562439,0.4792077839374542,0.8203502297401428,0.8226261734962463,
9.nii.gz,0.8709274530410767,0.8162304759025574,0.7186384797096252,0.5848654508590698,,,,,,,,,,,,,,,,,,,,,,,,,,,,,,,,,,,,,0.701497495174408,0.7428057193756104,0.09837198257446289,0.3221251964569092,0.1893307864665985,,,,,,,,,,,,,,,,,,,,,,,,,,,,,,,,,,,,,,,,,,,,,,,,,0.7767706513404846,0.6657434105873108,0.226593017578125,0.07289228588342667,0.0666540339589119,0.030484743416309357,,,,,,,,,,,,,,,,,,,,,,,,,,,,,,,,,,,,,,,,,,0.1930937021970749,0.13392047584056854,0.22215913236141205,0.18842677772045135,0.1829519420862198,0.012691565789282322
